/*
Navicat MySQL Data Transfer

Source Server         : localhost_3306
Source Server Version : 50556
Source Host           : localhost:3306
Source Database       : schoolroll

Target Server Type    : MYSQL
Target Server Version : 50556
File Encoding         : 65001

Date: 2018-08-29 11:08:06
*/

SET FOREIGN_KEY_CHECKS=0;

-- ----------------------------
-- Table structure for `achievement`
-- ----------------------------
DROP TABLE IF EXISTS `achievement`;
CREATE TABLE `achievement` (
  `ID` varchar(50) NOT NULL COMMENT 'ID',
  `SchoolRollID` varchar(50) NOT NULL COMMENT '学籍ID',
  `CurriculumID` varchar(50) NOT NULL COMMENT '课程ID',
  `Fraction` decimal(18,2) NOT NULL COMMENT '分数',
  `CreateUserID` varchar(10) NOT NULL COMMENT '创建人ID',
  `CreateUserName` varchar(50) NOT NULL COMMENT '创建人名称',
  `CreateTime` datetime NOT NULL COMMENT '创建时间',
  PRIMARY KEY (`ID`)
) ENGINE=MyISAM DEFAULT CHARSET=utf8;

-- ----------------------------
-- Records of achievement
-- ----------------------------
INSERT INTO `achievement` VALUES ('19E6FDBC-1758-427A-95E1-9A84B32FD2DD', '8850EF13-06D0-40BD-A0C3-82D5BCCC37C6', 'AB8068EC-BAA6-4B5A-A416-F47BFC173963', '81.00', 'admin', '系统管理员', '2018-06-11 13:56:07');
INSERT INTO `achievement` VALUES ('24879D04-D378-4EEE-B17B-BAFDE562987F', 'D9CAE4E5-6AB3-4F75-B105-F4EB8E31894A', 'AB8068EC-BAA6-4B5A-A416-F47BFC173963', '70.00', 'admin', '系统管理员', '2018-06-11 13:56:36');
INSERT INTO `achievement` VALUES ('13C15D87-7040-400A-9C1F-26E16E1D9456', '4E340078-D167-4024-AB10-9D4E74DAE2DB', '50BBB849-100A-4DC4-9E7B-8F5C9F081583', '85.00', 'admin', '系统管理员', '2018-06-11 13:56:59');
INSERT INTO `achievement` VALUES ('F3C7C677-4FA9-4397-ADD9-A4ABFE09F7E0', 'A40AEA87-B848-4FA4-A923-6B3E257B9C89', '50BBB849-100A-4DC4-9E7B-8F5C9F081583', '76.00', 'admin', '系统管理员', '2018-06-11 13:57:18');
INSERT INTO `achievement` VALUES ('25A2012F-1351-4820-9919-8CDDA16DC569', '5333CAD1-E545-4E10-905D-FBE958C43F20', '734E8A69-A85D-4E19-9564-52E8529F022A', '90.00', 'admin', '系统管理员', '2018-06-11 13:58:11');
INSERT INTO `achievement` VALUES ('FE27D787-2414-4C9E-B0B1-0043C85F5F5F', '0C4F2D5C-DC25-4F70-AD54-BC25F5BF3707', '734E8A69-A85D-4E19-9564-52E8529F022A', '50.00', 'admin', '系统管理员', '2018-06-11 13:58:39');
INSERT INTO `achievement` VALUES ('B005C846-10F2-416B-9769-8E6E8D07F2B1', 'C15B05EF-1E6B-422E-BF5B-14B0BBA7BBBA', '734E8A69-A85D-4E19-9564-52E8529F022A', '87.00', 'admin', '系统管理员', '2018-06-11 13:58:54');

-- ----------------------------
-- Table structure for `activity`
-- ----------------------------
DROP TABLE IF EXISTS `activity`;
CREATE TABLE `activity` (
  `ID` varchar(50) NOT NULL COMMENT 'ID',
  `ActivityID` varchar(10) NOT NULL COMMENT '活动ID',
  `ActivityName` varchar(50) NOT NULL COMMENT '活动名称',
  `ActivityDescribe` longtext NOT NULL COMMENT '活动描述',
  `ClassID` varchar(50) NOT NULL COMMENT '班级ID',
  `ApplicantID` varchar(50) NOT NULL COMMENT '申请人ID',
  `ApplicantName` varchar(50) NOT NULL COMMENT '申请人名称',
  `ApplicantTime` datetime NOT NULL COMMENT '申请时间',
  `ActivityState` bit(1) NOT NULL COMMENT '活动状态',
  `ExamUserID` varchar(10) NOT NULL COMMENT '审核人ID',
  `ExamUserName` varchar(50) NOT NULL COMMENT '审核人名称',
  `ExamTime` datetime DEFAULT NULL COMMENT '审核时间',
  PRIMARY KEY (`ID`)
) ENGINE=MyISAM DEFAULT CHARSET=utf8;

-- ----------------------------
-- Records of activity
-- ----------------------------
INSERT INTO `activity` VALUES ('DBA1B5DB-F430-4420-972A-F510829150E1', '2018061101', '毕业照', '申请集体去照毕业照', '6EC4E94D-EA0A-4B59-8C53-2FDED39DA3D1', 'N1414010101', '张一', '2018-06-11 14:04:59', '', '00001', '嬴政', '2018-06-12 08:49:00');

-- ----------------------------
-- Table structure for `class`
-- ----------------------------
DROP TABLE IF EXISTS `class`;
CREATE TABLE `class` (
  `ID` varchar(50) NOT NULL COMMENT 'ID',
  `ClassID` varchar(10) NOT NULL COMMENT '班级编号',
  `ClassName` varchar(50) NOT NULL COMMENT '班级名称',
  `ClassNumber` int(11) NOT NULL COMMENT '班级人数',
  `CollegeID` varchar(50) NOT NULL COMMENT '学院ID',
  `MajorID` varchar(50) NOT NULL COMMENT '专业ID',
  `CreateUserID` varchar(10) NOT NULL COMMENT '创建人ID',
  `CreateUserName` varchar(50) NOT NULL COMMENT '创建人名称',
  `CreateTime` datetime NOT NULL COMMENT '创建时间',
  PRIMARY KEY (`ID`)
) ENGINE=MyISAM DEFAULT CHARSET=utf8;

-- ----------------------------
-- Records of class
-- ----------------------------
INSERT INTO `class` VALUES ('6EC4E94D-EA0A-4B59-8C53-2FDED39DA3D1', '14140101', '软件一班', '24', 'AC7D74D3-35BB-4FE9-A82E-1DB9CAAD8DDA', 'BBC9E0D3-6B71-4B35-8888-47015EC51CF6', 'admin', '系统管理员', '2018-06-08 11:50:03');
INSERT INTO `class` VALUES ('8AD1E7B9-2E6D-45E9-96FC-20705CCE52C0', '14140102', '软件二班', '0', 'AC7D74D3-35BB-4FE9-A82E-1DB9CAAD8DDA', 'BBC9E0D3-6B71-4B35-8888-47015EC51CF6', 'admin', '系统管理员', '2018-06-08 11:50:26');
INSERT INTO `class` VALUES ('030F6153-71B3-41CF-A59E-5071A181334D', '14140103', '软件三班', '0', 'AC7D74D3-35BB-4FE9-A82E-1DB9CAAD8DDA', '67BBB7AD-1C09-43D7-9A14-E5E225E8CC28', 'admin', '系统管理员', '2018-06-08 11:50:47');
INSERT INTO `class` VALUES ('6EFF8894-D0A8-4C03-8C98-A1E429B9600D', '14140104', '软件四班', '0', 'AC7D74D3-35BB-4FE9-A82E-1DB9CAAD8DDA', '67BBB7AD-1C09-43D7-9A14-E5E225E8CC28', 'admin', '系统管理员', '2018-06-08 11:51:11');
INSERT INTO `class` VALUES ('6EAA9CF4-7820-4E0A-B60C-047AB485AD2C', '14140105', '软件五班', '0', 'AC7D74D3-35BB-4FE9-A82E-1DB9CAAD8DDA', '1190CF0D-FB5D-41C2-9A63-B08FE68D9A8E', 'admin', '系统管理员', '2018-06-08 11:51:27');
INSERT INTO `class` VALUES ('0D9013BF-8F6C-4660-B29F-30018F36A629', '14140106', '软件六班', '0', 'AC7D74D3-35BB-4FE9-A82E-1DB9CAAD8DDA', '1190CF0D-FB5D-41C2-9A63-B08FE68D9A8E', 'admin', '系统管理员', '2018-06-08 11:51:49');
INSERT INTO `class` VALUES ('3500AF54-3209-4D90-8D29-6401556D5941', '14140107', '软件七班', '0', 'AC7D74D3-35BB-4FE9-A82E-1DB9CAAD8DDA', '47A6F60B-7E04-41B6-8FDA-F4B78E7FCF3F', 'admin', '系统管理员', '2018-06-08 11:52:16');
INSERT INTO `class` VALUES ('BA37037C-D4B7-4E69-B638-883A69F7A8E8', '14140108', '软件八班', '0', 'AC7D74D3-35BB-4FE9-A82E-1DB9CAAD8DDA', '47A6F60B-7E04-41B6-8FDA-F4B78E7FCF3F', 'admin', '系统管理员', '2018-06-08 11:52:38');
INSERT INTO `class` VALUES ('5B2A33A3-C8FE-41B9-9106-B871707A4A1B', '14140109', '软件九班', '0', 'AC7D74D3-35BB-4FE9-A82E-1DB9CAAD8DDA', '1EB3E89D-3E56-49E7-87BD-A9EEB42EE8BD', 'admin', '系统管理员', '2018-06-08 11:52:57');
INSERT INTO `class` VALUES ('A3391FEC-5DEB-48E4-9C6B-BEF63EC04DBB', '14140110', '软件十班', '0', 'AC7D74D3-35BB-4FE9-A82E-1DB9CAAD8DDA', '1EB3E89D-3E56-49E7-87BD-A9EEB42EE8BD', 'admin', '系统管理员', '2018-06-08 11:53:14');
INSERT INTO `class` VALUES ('7ABD35FF-A970-4346-945F-215CE4332DEF', '14140111', '软件十一班', '0', 'AC7D74D3-35BB-4FE9-A82E-1DB9CAAD8DDA', '3D666141-3CD8-44CF-96BB-B67324083865', 'admin', '系统管理员', '2018-06-08 11:54:04');
INSERT INTO `class` VALUES ('AF3A7C3D-F955-4C68-AB56-2527D23D8D5F', '14140112', '软件十二班', '0', 'AC7D74D3-35BB-4FE9-A82E-1DB9CAAD8DDA', '3D666141-3CD8-44CF-96BB-B67324083865', 'admin', '系统管理员', '2018-06-08 11:54:25');

-- ----------------------------
-- Table structure for `college`
-- ----------------------------
DROP TABLE IF EXISTS `college`;
CREATE TABLE `college` (
  `ID` varchar(50) NOT NULL COMMENT 'ID',
  `CollegeID` varchar(10) NOT NULL COMMENT '学院编号',
  `CollegeName` varchar(50) NOT NULL COMMENT '学院名称',
  `CollegeNumber` int(11) NOT NULL COMMENT '学院人数',
  `CollegeDean` varchar(50) NOT NULL COMMENT '学院院长',
  `CreateUserID` varchar(10) NOT NULL COMMENT '创建人ID',
  `CreateUserName` varchar(50) NOT NULL COMMENT '创建人名称',
  `CreateTime` datetime NOT NULL COMMENT '创建时间 ',
  PRIMARY KEY (`ID`)
) ENGINE=MyISAM DEFAULT CHARSET=utf8;

-- ----------------------------
-- Records of college
-- ----------------------------
INSERT INTO `college` VALUES ('7B0E7BC5-1B38-46AC-AB1E-F3F1AA36192B', 'jdgc', '机电工程学院', '0', '张三', 'admin', '系统管理员', '2018-06-03 16:58:11');
INSERT INTO `college` VALUES ('91F397B3-B23C-4A2E-AAB8-B82E80DB1E35', 'jxgc', '机械工程学院', '0', '李四', 'admin', '系统管理员', '2018-06-03 16:59:35');
INSERT INTO `college` VALUES ('881A1A52-D042-45D6-83B4-EC7067FBE202', 'jsj', '计算机学院', '0', '王五', 'admin', '系统管理员', '2018-06-04 10:46:33');
INSERT INTO `college` VALUES ('9A608DAF-8509-4D6D-9DAF-F2C060242E07', 'jjygl', '经济与管理学院', '0', '赵六', 'admin', '系统管理员', '2018-06-04 10:47:36');
INSERT INTO `college` VALUES ('B7121FCF-ADBF-4A4D-9E98-0CADBE30E694', 'ty', '体育学院', '0', '陈七', 'admin', '系统管理员', '2018-06-04 10:48:18');
INSERT INTO `college` VALUES ('44EB6170-9006-4272-8B3A-71909B94663F', 'ys', '艺术学院', '0', '蒋八', 'admin', '系统管理员', '2018-06-04 10:48:50');
INSERT INTO `college` VALUES ('AC7D74D3-35BB-4FE9-A82E-1DB9CAAD8DDA', 'rj', '软件学院', '0', '沈九', 'admin', '系统管理员', '2018-06-04 10:49:47');

-- ----------------------------
-- Table structure for `curriculum`
-- ----------------------------
DROP TABLE IF EXISTS `curriculum`;
CREATE TABLE `curriculum` (
  `ID` varchar(50) NOT NULL COMMENT 'ID',
  `CurriculumID` varchar(10) NOT NULL COMMENT '课程编号',
  `CurriculumName` varchar(50) NOT NULL COMMENT '课程名称',
  `CurriculumDescribe` longtext NOT NULL COMMENT '课程描述',
  `CurriculumCredit` decimal(18,2) NOT NULL COMMENT '课程学分',
  `CurriculumFraction` varchar(18) NOT NULL COMMENT '课程分数',
  `CollegeID` varchar(50) NOT NULL COMMENT '学院ID',
  `MajorID` varchar(50) NOT NULL COMMENT '专业ID',
  `CreateUserID` varchar(10) NOT NULL COMMENT '创建人ID',
  `CreateUserName` varchar(50) NOT NULL COMMENT '创建人名称',
  `CreateTime` datetime NOT NULL COMMENT '创建时间',
  PRIMARY KEY (`ID`)
) ENGINE=MyISAM DEFAULT CHARSET=utf8;

-- ----------------------------
-- Records of curriculum
-- ----------------------------
INSERT INTO `curriculum` VALUES ('AB8068EC-BAA6-4B5A-A416-F47BFC173963', 'n0001', '计算机组成原理', '计算机组成原理', '2.00', '100', 'AC7D74D3-35BB-4FE9-A82E-1DB9CAAD8DDA', 'BBC9E0D3-6B71-4B35-8888-47015EC51CF6', 'admin', '系统管理员', '2018-06-11 13:47:43');
INSERT INTO `curriculum` VALUES ('50BBB849-100A-4DC4-9E7B-8F5C9F081583', 'n0002', 'JAVA 语言', 'Java', '2.00', '100', 'AC7D74D3-35BB-4FE9-A82E-1DB9CAAD8DDA', 'BBC9E0D3-6B71-4B35-8888-47015EC51CF6', 'admin', '系统管理员', '2018-06-11 13:48:44');
INSERT INTO `curriculum` VALUES ('734E8A69-A85D-4E19-9564-52E8529F022A', 'n0003', 'java EE概要', 'Java', '2.00', '100', 'AC7D74D3-35BB-4FE9-A82E-1DB9CAAD8DDA', 'BBC9E0D3-6B71-4B35-8888-47015EC51CF6', 'admin', '系统管理员', '2018-06-11 13:49:42');
INSERT INTO `curriculum` VALUES ('2B5BA54F-FB8B-4658-BBCA-A2BA103E0995', 'n0004', '大数据概述', '大数据', '2.00', '100', 'AC7D74D3-35BB-4FE9-A82E-1DB9CAAD8DDA', '1EB3E89D-3E56-49E7-87BD-A9EEB42EE8BD', 'admin', '系统管理员', '2018-06-11 13:52:30');

-- ----------------------------
-- Table structure for `lecturerecord`
-- ----------------------------
DROP TABLE IF EXISTS `lecturerecord`;
CREATE TABLE `lecturerecord` (
  `ID` varchar(50) NOT NULL COMMENT 'ID',
  `TeacherID` varchar(50) NOT NULL COMMENT '教师ID',
  `CurriculumID` varchar(50) NOT NULL COMMENT '课程ID',
  `BeginTime` datetime NOT NULL COMMENT '开始时间',
  `EndTime` datetime NOT NULL COMMENT '结束时间',
  `CreateUserID` varchar(10) NOT NULL COMMENT '创建人ID',
  `CreateUserName` varchar(50) NOT NULL COMMENT '创建人名称',
  `CreateTime` datetime NOT NULL COMMENT '创建时间',
  PRIMARY KEY (`ID`)
) ENGINE=MyISAM DEFAULT CHARSET=utf8;

-- ----------------------------
-- Records of lecturerecord
-- ----------------------------

-- ----------------------------
-- Table structure for `major`
-- ----------------------------
DROP TABLE IF EXISTS `major`;
CREATE TABLE `major` (
  `ID` varchar(50) NOT NULL COMMENT 'ID',
  `MajorID` varchar(10) NOT NULL COMMENT '专业编号',
  `MajorName` varchar(50) NOT NULL COMMENT '专业名称',
  `MajorNumber` int(11) NOT NULL COMMENT '专业人数',
  `CollegeID` varchar(50) NOT NULL COMMENT '学院ID',
  `CreateUserID` varchar(10) NOT NULL COMMENT '创建人ID',
  `CreateUserName` varchar(50) NOT NULL COMMENT '创建人名称',
  `CreateTime` datetime NOT NULL COMMENT '创建时间 ',
  PRIMARY KEY (`ID`)
) ENGINE=MyISAM DEFAULT CHARSET=utf8;

-- ----------------------------
-- Records of major
-- ----------------------------
INSERT INTO `major` VALUES ('BBC9E0D3-6B71-4B35-8888-47015EC51CF6', 'RJKFYCS', '软件开发与测试', '0', 'AC7D74D3-35BB-4FE9-A82E-1DB9CAAD8DDA', 'admin', '系统管理员', '2018-06-04 10:56:33');
INSERT INTO `major` VALUES ('67BBB7AD-1C09-43D7-9A14-E5E225E8CC28', 'QYXXH', '企业信息化软件开发与应用', '0', 'AC7D74D3-35BB-4FE9-A82E-1DB9CAAD8DDA', 'admin', '系统管理员', '2018-06-04 10:57:26');
INSERT INTO `major` VALUES ('1190CF0D-FB5D-41C2-9A63-B08FE68D9A8E', 'DZSWYXDWL', '电子商务与现代物流软件开发与应用', '0', 'AC7D74D3-35BB-4FE9-A82E-1DB9CAAD8DDA', 'admin', '系统管理员', '2018-06-04 10:58:19');
INSERT INTO `major` VALUES ('47A6F60B-7E04-41B6-8FDA-F4B78E7FCF3F', 'YDHLW', '移动互联网软件开发与应用', '0', 'AC7D74D3-35BB-4FE9-A82E-1DB9CAAD8DDA', 'admin', '系统管理员', '2018-06-04 10:58:50');
INSERT INTO `major` VALUES ('1EB3E89D-3E56-49E7-87BD-A9EEB42EE8BD', 'YJSYDSJFX', '云计算与大数据分析', '0', 'AC7D74D3-35BB-4FE9-A82E-1DB9CAAD8DDA', 'admin', '系统管理员', '2018-06-04 10:59:30');
INSERT INTO `major` VALUES ('3D666141-3CD8-44CF-96BB-B67324083865', 'ZHCSJS', '智慧城市建设应用软件开发与测试', '0', 'AC7D74D3-35BB-4FE9-A82E-1DB9CAAD8DDA', 'admin', '系统管理员', '2018-06-04 11:00:19');
INSERT INTO `major` VALUES ('D5AD72C1-3477-4B70-898A-83745AC5C5F8', 'yy', '音乐学院', '0', '44EB6170-9006-4272-8B3A-71909B94663F', 'admin', '系统管理员', '2018-06-07 17:53:32');
INSERT INTO `major` VALUES ('A62069EF-2911-428E-A7C6-114232034C5D', 'MS', '美术学院', '0', '44EB6170-9006-4272-8B3A-71909B94663F', 'admin', '系统管理员', '2018-06-07 17:54:33');

-- ----------------------------
-- Table structure for `menu`
-- ----------------------------
DROP TABLE IF EXISTS `menu`;
CREATE TABLE `menu` (
  `ID` int(11) NOT NULL AUTO_INCREMENT COMMENT 'ID',
  `Name` varchar(50) NOT NULL COMMENT '学籍ID',
  `Url` varchar(100) NOT NULL COMMENT '课程ID',
  `Sort` int(11) NOT NULL COMMENT '分数',
  `Type` varchar(10) NOT NULL COMMENT '创建人ID',
  PRIMARY KEY (`ID`)
) ENGINE=MyISAM AUTO_INCREMENT=25 DEFAULT CHARSET=utf8;

-- ----------------------------
-- Records of menu
-- ----------------------------
INSERT INTO `menu` VALUES ('1', '用户管理', 'user.html', '2', 'admin');
INSERT INTO `menu` VALUES ('2', '学院管理', 'college.html', '3', 'admin');
INSERT INTO `menu` VALUES ('3', '专业管理', 'major.html', '4', 'admin');
INSERT INTO `menu` VALUES ('4', '班级管理', 'class.html', '5', 'admin');
INSERT INTO `menu` VALUES ('5', '教师管理', 'teacher.html', '6', 'admin');
INSERT INTO `menu` VALUES ('6', '学籍管理', 'schoolroll.html', '7', 'admin');
INSERT INTO `menu` VALUES ('7', '课程管理', 'curriculum.html', '8', 'admin');
INSERT INTO `menu` VALUES ('8', '成绩管理', 'achievement.html', '9', 'admin');
INSERT INTO `menu` VALUES ('9', '系统通知', 'notice.html', '10', 'admin');
INSERT INTO `menu` VALUES ('10', '留言管理', 'message.html', '11', 'admin');
INSERT INTO `menu` VALUES ('11', '活动管理', 'activity.html', '12', 'admin');
INSERT INTO `menu` VALUES ('12', '学籍管理', 'schoolroll.html', '2', 'teacher');
INSERT INTO `menu` VALUES ('13', '成绩管理', 'achievement.html', '3', 'teacher');
INSERT INTO `menu` VALUES ('14', '活动审批', 'examactivity.html', '4', 'teacher');
INSERT INTO `menu` VALUES ('15', '留言管理', 'mymessage.html', '5', 'teacher');
INSERT INTO `menu` VALUES ('16', '密码管理', 'password.html', '6', 'teacher');
INSERT INTO `menu` VALUES ('17', '学籍管理', 'myschoolroll.html', '2', 'student');
INSERT INTO `menu` VALUES ('18', '成绩管理', 'myachievement.html', '3', 'student');
INSERT INTO `menu` VALUES ('19', '活动管理', 'myactivity.html', '4', 'student');
INSERT INTO `menu` VALUES ('20', '留言管理', 'mymessage.html', '5', 'student');
INSERT INTO `menu` VALUES ('21', '密码管理', 'password.html', '6', 'student');
INSERT INTO `menu` VALUES ('22', '系统首页', 'index.html', '1', 'admin');
INSERT INTO `menu` VALUES ('23', '系统首页', 'index.html', '1', 'teather');
INSERT INTO `menu` VALUES ('24', '系统首页', 'index.html', '1', 'student');

-- ----------------------------
-- Table structure for `message`
-- ----------------------------
DROP TABLE IF EXISTS `message`;
CREATE TABLE `message` (
  `ID` varchar(50) NOT NULL COMMENT 'ID',
  `SourceID` varchar(50) NOT NULL COMMENT '源ID',
  `Content` varchar(500) NOT NULL COMMENT '留言内容',
  `CreateUserID` varchar(50) NOT NULL COMMENT '创建人ID',
  `CreateUserName` varchar(50) NOT NULL COMMENT '创建人名称',
  `CreateTime` datetime NOT NULL COMMENT '创建时间',
  PRIMARY KEY (`ID`)
) ENGINE=MyISAM DEFAULT CHARSET=utf8;

-- ----------------------------
-- Records of message
-- ----------------------------
INSERT INTO `message` VALUES ('17A5DB53-D367-4F83-90F7-3F3AD6D37B8D', '', '哈哈，好开心', 'admin', '系统管理员', '2018-06-11 14:12:34');
INSERT INTO `message` VALUES ('04E7D306-CF9D-4009-B257-8723FBB14A74', '17A5DB53-D367-4F83-90F7-3F3AD6D37B8D', '是呢么', '00001', '嬴政', '2018-06-11 14:14:00');
INSERT INTO `message` VALUES ('D87AD73F-8487-4B7B-A6AC-BA05856AC917', '', '今天是个好日子', '00001', '嬴政', '2018-06-11 14:14:09');
INSERT INTO `message` VALUES ('EF4994D7-9968-4103-9505-504AE836A2C2', 'D87AD73F-8487-4B7B-A6AC-BA05856AC917', '祝福大家逗开心', '00001', '嬴政', '2018-06-11 14:14:38');
INSERT INTO `message` VALUES ('1C350C2A-698A-46F5-B0E6-9DFAF007E359', '', '明天就要毕业答辩啦，好紧张！！！呜呜呜', 'N1414010101', '张一', '2018-06-11 14:39:57');
INSERT INTO `message` VALUES ('8FCF5041-BECF-462B-9E8D-22F7BCC75B48', '1C350C2A-698A-46F5-B0E6-9DFAF007E359', '我也是，嘤嘤嘤', 'N1414010102', '张二', '2018-06-11 14:40:46');

-- ----------------------------
-- Table structure for `notice`
-- ----------------------------
DROP TABLE IF EXISTS `notice`;
CREATE TABLE `notice` (
  `ID` varchar(50) NOT NULL COMMENT 'ID',
  `Title` varchar(200) NOT NULL COMMENT '通知标题',
  `Content` longtext NOT NULL COMMENT '通知内容',
  `CreateUserID` varchar(10) NOT NULL COMMENT '创建人ID',
  `CreateUserName` varchar(50) NOT NULL COMMENT '创建人名称',
  `CreateTime` datetime NOT NULL COMMENT '创建时间',
  PRIMARY KEY (`ID`)
) ENGINE=MyISAM DEFAULT CHARSET=utf8;

-- ----------------------------
-- Records of notice
-- ----------------------------
INSERT INTO `notice` VALUES ('A8EFE3F3-3BA8-48DD-ABF3-71F6194586E1', '毕业答辩', '2014级学生将于2018年06月12日进行毕业答辩', 'admin', '系统管理员', '2018-06-11 14:00:14');
INSERT INTO `notice` VALUES ('1BAA9EB7-3267-45B4-8FE0-18374D3AB825', '天气炎热，小心中暑', '近日天气炎热，大家谨慎出行，谨防中暑！！', 'admin', '系统管理员', '2018-06-11 14:01:21');

-- ----------------------------
-- Table structure for `schoolroll`
-- ----------------------------
DROP TABLE IF EXISTS `schoolroll`;
CREATE TABLE `schoolroll` (
  `ID` varchar(50) NOT NULL COMMENT 'ID',
  `SchoolRollID` varchar(50) NOT NULL COMMENT '学号',
  `Name` varchar(50) NOT NULL COMMENT '姓名',
  `Sex` varchar(10) NOT NULL COMMENT '性别',
  `Birthday` datetime NOT NULL COMMENT '出生年月',
  `Nation` varchar(50) NOT NULL COMMENT '民族',
  `Birthplace` varchar(100) NOT NULL COMMENT '籍贯',
  `Address` varchar(100) NOT NULL COMMENT '地址',
  `IdentityCard` varchar(50) NOT NULL COMMENT '身份证号',
  `ZipCode` varchar(10) NOT NULL COMMENT '邮编',
  `EntranceDate` datetime NOT NULL COMMENT '入学时间',
  `Education` varchar(10) NOT NULL COMMENT '学历',
  `CollegeID` varchar(50) NOT NULL COMMENT '学院ID',
  `MajorID` varchar(50) NOT NULL COMMENT '专业ID',
  `ClassID` varchar(50) NOT NULL COMMENT '班级ID',
  `CreateUserID` varchar(10) NOT NULL COMMENT '创建人ID',
  `CreateUserName` varchar(50) NOT NULL COMMENT '创建人名称',
  `CreateTime` datetime NOT NULL COMMENT '创建时间 ',
  PRIMARY KEY (`ID`)
) ENGINE=MyISAM DEFAULT CHARSET=utf8;

-- ----------------------------
-- Records of schoolroll
-- ----------------------------
INSERT INTO `schoolroll` VALUES ('B655592B-2C81-444A-B4C8-724B0DC79837', 'N1414010105', '张五', '男', '1995-09-01 00:00:00', '汉', '山西临汾', '杭州路1号', '142625199608000000', '454002', '2014-09-01 00:00:00', '本科', 'AC7D74D3-35BB-4FE9-A82E-1DB9CAAD8DDA', 'BBC9E0D3-6B71-4B35-8888-47015EC51CF6', '6EC4E94D-EA0A-4B59-8C53-2FDED39DA3D1', 'admin', '系统管理员', '2018-06-11 13:22:08');
INSERT INTO `schoolroll` VALUES ('D2A4E78C-4383-4553-80E8-35C0D75B09F0', 'N1414010104', '张四', '男', '1995-09-01 00:00:00', '汉', '山西临汾', '杭州路1号', '142625199608000000', '454002', '2014-09-01 00:00:00', '本科', 'AC7D74D3-35BB-4FE9-A82E-1DB9CAAD8DDA', 'BBC9E0D3-6B71-4B35-8888-47015EC51CF6', '6EC4E94D-EA0A-4B59-8C53-2FDED39DA3D1', 'admin', '系统管理员', '2018-06-11 13:22:08');
INSERT INTO `schoolroll` VALUES ('2213D21F-9E08-4DF0-90E3-D83D8813A85F', 'N1414010103', '张三', '男', '1995-09-01 00:00:00', '汉', '山西临汾', '杭州路1号', '142625199608000000', '454002', '2014-09-01 00:00:00', '本科', 'AC7D74D3-35BB-4FE9-A82E-1DB9CAAD8DDA', 'BBC9E0D3-6B71-4B35-8888-47015EC51CF6', '6EC4E94D-EA0A-4B59-8C53-2FDED39DA3D1', 'admin', '系统管理员', '2018-06-11 13:22:08');
INSERT INTO `schoolroll` VALUES ('8850EF13-06D0-40BD-A0C3-82D5BCCC37C6', 'N1414010101', '张一', '男', '1995-09-01 00:00:00', '汉', '河南焦作', '杭州路1号', '142625199608000000', '454002', '2014-09-01 00:00:00', '本科', 'AC7D74D3-35BB-4FE9-A82E-1DB9CAAD8DDA', 'BBC9E0D3-6B71-4B35-8888-47015EC51CF6', '6EC4E94D-EA0A-4B59-8C53-2FDED39DA3D1', 'admin', '系统管理员', '2018-06-11 13:22:08');
INSERT INTO `schoolroll` VALUES ('D9CAE4E5-6AB3-4F75-B105-F4EB8E31894A', 'N1414010102', '张二', '男', '1995-09-01 00:00:00', '汉', '山西临汾', '杭州路1号', '142625199608000000', '454002', '2014-09-01 00:00:00', '本科', 'AC7D74D3-35BB-4FE9-A82E-1DB9CAAD8DDA', 'BBC9E0D3-6B71-4B35-8888-47015EC51CF6', '6EC4E94D-EA0A-4B59-8C53-2FDED39DA3D1', 'admin', '系统管理员', '2018-06-11 13:22:08');
INSERT INTO `schoolroll` VALUES ('125C98DB-CA46-4CEB-B894-D62A9605D1E8', 'N1414010106', '张六', '男', '1995-09-01 00:00:00', '汉', '山西临汾', '杭州路1号', '142625199608000000', '454002', '2014-09-01 00:00:00', '本科', 'AC7D74D3-35BB-4FE9-A82E-1DB9CAAD8DDA', 'BBC9E0D3-6B71-4B35-8888-47015EC51CF6', '6EC4E94D-EA0A-4B59-8C53-2FDED39DA3D1', 'admin', '系统管理员', '2018-06-11 13:22:08');
INSERT INTO `schoolroll` VALUES ('6A2F7320-8A03-48AD-9EE4-B5E82EFB274D', 'N1414010107', '张七', '男', '1995-09-01 00:00:00', '汉', '山西临汾', '杭州路1号', '142625199608000000', '454002', '2014-09-01 00:00:00', '本科', 'AC7D74D3-35BB-4FE9-A82E-1DB9CAAD8DDA', 'BBC9E0D3-6B71-4B35-8888-47015EC51CF6', '6EC4E94D-EA0A-4B59-8C53-2FDED39DA3D1', 'admin', '系统管理员', '2018-06-11 13:22:08');
INSERT INTO `schoolroll` VALUES ('761D8DDC-3B82-40AE-9AAB-CC786B4928FC', 'N1414010108', '张八', '男', '1995-09-01 00:00:00', '汉', '山西临汾', '杭州路1号', '142625199608000000', '454002', '2014-09-01 00:00:00', '本科', 'AC7D74D3-35BB-4FE9-A82E-1DB9CAAD8DDA', 'BBC9E0D3-6B71-4B35-8888-47015EC51CF6', '6EC4E94D-EA0A-4B59-8C53-2FDED39DA3D1', 'admin', '系统管理员', '2018-06-11 13:22:08');
INSERT INTO `schoolroll` VALUES ('39CFF2CE-CB7F-42EE-9591-27BB3E0C0525', 'N1414010109', '张九', '男', '1995-09-01 00:00:00', '汉', '山西临汾', '杭州路1号', '142625199608000000', '454002', '2014-09-01 00:00:00', '本科', 'AC7D74D3-35BB-4FE9-A82E-1DB9CAAD8DDA', 'BBC9E0D3-6B71-4B35-8888-47015EC51CF6', '6EC4E94D-EA0A-4B59-8C53-2FDED39DA3D1', 'admin', '系统管理员', '2018-06-11 13:22:08');
INSERT INTO `schoolroll` VALUES ('632E7D87-D296-43AF-8737-60B169BBCE7A', 'N1414010110', '张十', '男', '1995-09-01 00:00:00', '汉', '山西临汾', '杭州路1号', '142625199608000000', '454002', '2014-09-01 00:00:00', '本科', 'AC7D74D3-35BB-4FE9-A82E-1DB9CAAD8DDA', 'BBC9E0D3-6B71-4B35-8888-47015EC51CF6', '6EC4E94D-EA0A-4B59-8C53-2FDED39DA3D1', 'admin', '系统管理员', '2018-06-11 13:22:08');
INSERT INTO `schoolroll` VALUES ('5AD8F6D5-217D-48A6-BDD1-6EC92E1D0C83', 'N1414010111', '张十一', '男', '1995-09-01 00:00:00', '汉', '山西临汾', '杭州路1号', '142625199608000000', '454002', '2014-09-01 00:00:00', '本科', 'AC7D74D3-35BB-4FE9-A82E-1DB9CAAD8DDA', 'BBC9E0D3-6B71-4B35-8888-47015EC51CF6', '6EC4E94D-EA0A-4B59-8C53-2FDED39DA3D1', 'admin', '系统管理员', '2018-06-11 13:22:08');
INSERT INTO `schoolroll` VALUES ('143018A2-6CD3-4412-9F6C-DD2167406ECC', 'N1414010112', '张十二', '男', '1995-09-01 00:00:00', '汉', '山西临汾', '杭州路1号', '142625199608000000', '454002', '2014-09-01 00:00:00', '本科', 'AC7D74D3-35BB-4FE9-A82E-1DB9CAAD8DDA', 'BBC9E0D3-6B71-4B35-8888-47015EC51CF6', '6EC4E94D-EA0A-4B59-8C53-2FDED39DA3D1', 'admin', '系统管理员', '2018-06-11 13:22:08');
INSERT INTO `schoolroll` VALUES ('1560DC93-0BFB-4F34-8301-9BD6466DC3CC', 'N1414010113', '张十三', '男', '1995-09-01 00:00:00', '汉', '山西临汾', '杭州路1号', '142625199608000000', '454002', '2014-09-01 00:00:00', '本科', 'AC7D74D3-35BB-4FE9-A82E-1DB9CAAD8DDA', 'BBC9E0D3-6B71-4B35-8888-47015EC51CF6', '6EC4E94D-EA0A-4B59-8C53-2FDED39DA3D1', 'admin', '系统管理员', '2018-06-11 13:22:08');
INSERT INTO `schoolroll` VALUES ('1E789A3A-AC41-44FA-AF4B-F47B7CFA0A60', 'N1414010114', '张十四', '男', '1995-09-01 00:00:00', '汉', '山西临汾', '杭州路1号', '142625199608000000', '454002', '2014-09-01 00:00:00', '本科', 'AC7D74D3-35BB-4FE9-A82E-1DB9CAAD8DDA', 'BBC9E0D3-6B71-4B35-8888-47015EC51CF6', '6EC4E94D-EA0A-4B59-8C53-2FDED39DA3D1', 'admin', '系统管理员', '2018-06-11 13:22:08');
INSERT INTO `schoolroll` VALUES ('7A89D890-1720-4D74-BA93-18612F5813B5', 'N1414010115', '张十五', '男', '1995-09-01 00:00:00', '汉', '山西临汾', '杭州路1号', '142625199608000000', '454002', '2014-09-01 00:00:00', '本科', 'AC7D74D3-35BB-4FE9-A82E-1DB9CAAD8DDA', 'BBC9E0D3-6B71-4B35-8888-47015EC51CF6', '6EC4E94D-EA0A-4B59-8C53-2FDED39DA3D1', 'admin', '系统管理员', '2018-06-11 13:22:08');
INSERT INTO `schoolroll` VALUES ('0E102711-6D22-4417-819B-4098A94F3AC8', 'N1414010116', '张十六', '男', '1995-09-01 00:00:00', '汉', '山西临汾', '杭州路1号', '142625199608000000', '454002', '2014-09-01 00:00:00', '本科', 'AC7D74D3-35BB-4FE9-A82E-1DB9CAAD8DDA', 'BBC9E0D3-6B71-4B35-8888-47015EC51CF6', '6EC4E94D-EA0A-4B59-8C53-2FDED39DA3D1', 'admin', '系统管理员', '2018-06-11 13:22:08');
INSERT INTO `schoolroll` VALUES ('AC6B51F4-6D65-4114-920E-24CE034490FC', 'N1414010117', '张十七', '男', '1995-09-01 00:00:00', '汉', '山西临汾', '杭州路1号', '142625199608000000', '454002', '2014-09-01 00:00:00', '本科', 'AC7D74D3-35BB-4FE9-A82E-1DB9CAAD8DDA', 'BBC9E0D3-6B71-4B35-8888-47015EC51CF6', '6EC4E94D-EA0A-4B59-8C53-2FDED39DA3D1', 'admin', '系统管理员', '2018-06-11 13:22:08');
INSERT INTO `schoolroll` VALUES ('0B7E313C-16BC-4904-ADE7-E811DED76007', 'N1414010118', '张十八', '男', '1995-09-01 00:00:00', '汉', '山西临汾', '杭州路1号', '142625199608000000', '454002', '2014-09-01 00:00:00', '本科', 'AC7D74D3-35BB-4FE9-A82E-1DB9CAAD8DDA', 'BBC9E0D3-6B71-4B35-8888-47015EC51CF6', '6EC4E94D-EA0A-4B59-8C53-2FDED39DA3D1', 'admin', '系统管理员', '2018-06-11 13:22:08');
INSERT INTO `schoolroll` VALUES ('BC4B8358-E491-4A18-BE5D-D34AE58C6F3A', 'N1414010119', '张十九', '男', '1995-09-01 00:00:00', '汉', '山西临汾', '杭州路1号', '142625199608000000', '454002', '2014-09-01 00:00:00', '本科', 'AC7D74D3-35BB-4FE9-A82E-1DB9CAAD8DDA', 'BBC9E0D3-6B71-4B35-8888-47015EC51CF6', '6EC4E94D-EA0A-4B59-8C53-2FDED39DA3D1', 'admin', '系统管理员', '2018-06-11 13:22:08');
INSERT INTO `schoolroll` VALUES ('C48F7D48-A599-4AD6-B6CE-642444135831', 'N1414010120', '张二十', '男', '1995-09-01 00:00:00', '汉', '山西临汾', '杭州路1号', '142625199608000000', '454002', '2014-09-01 00:00:00', '本科', 'AC7D74D3-35BB-4FE9-A82E-1DB9CAAD8DDA', 'BBC9E0D3-6B71-4B35-8888-47015EC51CF6', '6EC4E94D-EA0A-4B59-8C53-2FDED39DA3D1', 'admin', '系统管理员', '2018-06-11 13:22:08');
INSERT INTO `schoolroll` VALUES ('5333CAD1-E545-4E10-905D-FBE958C43F20', 'N1414010201', '王一', '男', '1995-09-01 00:00:00', '汉', '河南焦作', '杭州路1号', '142625199608000001', '454002', '2014-09-01 00:00:00', '本科', 'AC7D74D3-35BB-4FE9-A82E-1DB9CAAD8DDA', 'BBC9E0D3-6B71-4B35-8888-47015EC51CF6', '8AD1E7B9-2E6D-45E9-96FC-20705CCE52C0', 'admin', '系统管理员', '2018-06-11 13:27:54');
INSERT INTO `schoolroll` VALUES ('61AE9DA8-0C5E-4753-82B7-C018E97FF974', 'N1414010202', '王二', '男', '1995-09-01 00:00:00', '汉', '山西临汾', '杭州路1号', '142625199608000001', '454002', '2014-09-01 00:00:00', '本科', 'AC7D74D3-35BB-4FE9-A82E-1DB9CAAD8DDA', 'BBC9E0D3-6B71-4B35-8888-47015EC51CF6', '8AD1E7B9-2E6D-45E9-96FC-20705CCE52C0', 'admin', '系统管理员', '2018-06-11 13:27:54');
INSERT INTO `schoolroll` VALUES ('AF44D0BF-5F4A-4CE3-9B20-095DD1B0BAF3', 'N1414010203', '王三', '男', '1995-09-01 00:00:00', '汉', '山西临汾', '杭州路1号', '142625199608000001', '454002', '2014-09-01 00:00:00', '本科', 'AC7D74D3-35BB-4FE9-A82E-1DB9CAAD8DDA', 'BBC9E0D3-6B71-4B35-8888-47015EC51CF6', '8AD1E7B9-2E6D-45E9-96FC-20705CCE52C0', 'admin', '系统管理员', '2018-06-11 13:27:54');
INSERT INTO `schoolroll` VALUES ('781044D0-16E4-4637-A9AB-5624B39195D4', 'N1414010204', '王四', '男', '1995-09-01 00:00:00', '汉', '山西临汾', '杭州路1号', '142625199608000001', '454002', '2014-09-01 00:00:00', '本科', 'AC7D74D3-35BB-4FE9-A82E-1DB9CAAD8DDA', 'BBC9E0D3-6B71-4B35-8888-47015EC51CF6', '8AD1E7B9-2E6D-45E9-96FC-20705CCE52C0', 'admin', '系统管理员', '2018-06-11 13:27:54');
INSERT INTO `schoolroll` VALUES ('C6B070A1-556B-4BCF-BD33-684C23A27E25', 'N1414010205', '王五', '男', '1995-09-01 00:00:00', '汉', '山西临汾', '杭州路1号', '142625199608000001', '454002', '2014-09-01 00:00:00', '本科', 'AC7D74D3-35BB-4FE9-A82E-1DB9CAAD8DDA', 'BBC9E0D3-6B71-4B35-8888-47015EC51CF6', '8AD1E7B9-2E6D-45E9-96FC-20705CCE52C0', 'admin', '系统管理员', '2018-06-11 13:27:54');
INSERT INTO `schoolroll` VALUES ('7AF57D5F-5F94-4CF4-B44C-43990F2FD87C', 'N1414010206', '王六', '男', '1995-09-01 00:00:00', '汉', '山西临汾', '杭州路1号', '142625199608000001', '454002', '2014-09-01 00:00:00', '本科', 'AC7D74D3-35BB-4FE9-A82E-1DB9CAAD8DDA', 'BBC9E0D3-6B71-4B35-8888-47015EC51CF6', '8AD1E7B9-2E6D-45E9-96FC-20705CCE52C0', 'admin', '系统管理员', '2018-06-11 13:27:54');
INSERT INTO `schoolroll` VALUES ('C3E1F2D3-A642-4FF1-BBDB-5A94E6D577B8', 'N1414010207', '王七', '男', '1995-09-01 00:00:00', '汉', '山西临汾', '杭州路1号', '142625199608000001', '454002', '2014-09-01 00:00:00', '本科', 'AC7D74D3-35BB-4FE9-A82E-1DB9CAAD8DDA', 'BBC9E0D3-6B71-4B35-8888-47015EC51CF6', '8AD1E7B9-2E6D-45E9-96FC-20705CCE52C0', 'admin', '系统管理员', '2018-06-11 13:27:54');
INSERT INTO `schoolroll` VALUES ('F79A44D9-820C-4C27-9B0E-847823037C9A', 'N1414010208', '王八', '男', '1995-09-01 00:00:00', '汉', '山西临汾', '杭州路1号', '142625199608000001', '454002', '2014-09-01 00:00:00', '本科', 'AC7D74D3-35BB-4FE9-A82E-1DB9CAAD8DDA', 'BBC9E0D3-6B71-4B35-8888-47015EC51CF6', '8AD1E7B9-2E6D-45E9-96FC-20705CCE52C0', 'admin', '系统管理员', '2018-06-11 13:27:54');
INSERT INTO `schoolroll` VALUES ('E9EE5F8F-C954-4D43-B131-3FEDF31D6145', 'N1414010209', '王九', '男', '1995-09-01 00:00:00', '汉', '山西临汾', '杭州路1号', '142625199608000001', '454002', '2014-09-01 00:00:00', '本科', 'AC7D74D3-35BB-4FE9-A82E-1DB9CAAD8DDA', 'BBC9E0D3-6B71-4B35-8888-47015EC51CF6', '8AD1E7B9-2E6D-45E9-96FC-20705CCE52C0', 'admin', '系统管理员', '2018-06-11 13:27:54');
INSERT INTO `schoolroll` VALUES ('C73EDFF9-C639-40F6-AC2C-871EED57A3C5', 'N1414010210', '王十', '男', '1995-09-01 00:00:00', '汉', '山西临汾', '杭州路1号', '142625199608000001', '454002', '2014-09-01 00:00:00', '本科', 'AC7D74D3-35BB-4FE9-A82E-1DB9CAAD8DDA', 'BBC9E0D3-6B71-4B35-8888-47015EC51CF6', '8AD1E7B9-2E6D-45E9-96FC-20705CCE52C0', 'admin', '系统管理员', '2018-06-11 13:27:54');
INSERT INTO `schoolroll` VALUES ('60337F91-2293-498A-9726-FA447537639E', 'N1414010211', '王十一', '男', '1995-09-01 00:00:00', '汉', '山西临汾', '杭州路1号', '142625199608000001', '454002', '2014-09-01 00:00:00', '本科', 'AC7D74D3-35BB-4FE9-A82E-1DB9CAAD8DDA', 'BBC9E0D3-6B71-4B35-8888-47015EC51CF6', '8AD1E7B9-2E6D-45E9-96FC-20705CCE52C0', 'admin', '系统管理员', '2018-06-11 13:27:54');
INSERT INTO `schoolroll` VALUES ('252AE169-1B80-402A-922E-B2A5EBFD8CE6', 'N1414010212', '王十二', '男', '1995-09-01 00:00:00', '汉', '山西临汾', '杭州路1号', '142625199608000001', '454002', '2014-09-01 00:00:00', '本科', 'AC7D74D3-35BB-4FE9-A82E-1DB9CAAD8DDA', 'BBC9E0D3-6B71-4B35-8888-47015EC51CF6', '8AD1E7B9-2E6D-45E9-96FC-20705CCE52C0', 'admin', '系统管理员', '2018-06-11 13:27:54');
INSERT INTO `schoolroll` VALUES ('294F90A1-6F3D-4C99-8514-0499F61949CE', 'N1414010213', '王十三', '男', '1995-09-01 00:00:00', '汉', '山西临汾', '杭州路1号', '142625199608000001', '454002', '2014-09-01 00:00:00', '本科', 'AC7D74D3-35BB-4FE9-A82E-1DB9CAAD8DDA', 'BBC9E0D3-6B71-4B35-8888-47015EC51CF6', '8AD1E7B9-2E6D-45E9-96FC-20705CCE52C0', 'admin', '系统管理员', '2018-06-11 13:27:54');
INSERT INTO `schoolroll` VALUES ('E8A26C61-3D89-4406-8913-DE68064302FB', 'N1414010214', '王十四', '男', '1995-09-01 00:00:00', '汉', '山西临汾', '杭州路1号', '142625199608000001', '454002', '2014-09-01 00:00:00', '本科', 'AC7D74D3-35BB-4FE9-A82E-1DB9CAAD8DDA', 'BBC9E0D3-6B71-4B35-8888-47015EC51CF6', '8AD1E7B9-2E6D-45E9-96FC-20705CCE52C0', 'admin', '系统管理员', '2018-06-11 13:27:54');
INSERT INTO `schoolroll` VALUES ('E430E8A8-0333-4B23-ABA8-0A9E615877DE', 'N1414010215', '王十五', '男', '1995-09-01 00:00:00', '汉', '山西临汾', '杭州路1号', '142625199608000001', '454002', '2014-09-01 00:00:00', '本科', 'AC7D74D3-35BB-4FE9-A82E-1DB9CAAD8DDA', 'BBC9E0D3-6B71-4B35-8888-47015EC51CF6', '8AD1E7B9-2E6D-45E9-96FC-20705CCE52C0', 'admin', '系统管理员', '2018-06-11 13:27:54');
INSERT INTO `schoolroll` VALUES ('4E340078-D167-4024-AB10-9D4E74DAE2DB', 'N1414010216', '王十六', '男', '1995-09-01 00:00:00', '汉', '山西临汾', '杭州路1号', '142625199608000001', '454002', '2014-09-01 00:00:00', '本科', 'AC7D74D3-35BB-4FE9-A82E-1DB9CAAD8DDA', 'BBC9E0D3-6B71-4B35-8888-47015EC51CF6', '6EC4E94D-EA0A-4B59-8C53-2FDED39DA3D1', 'admin', '系统管理员', '2018-06-11 13:27:54');
INSERT INTO `schoolroll` VALUES ('A40AEA87-B848-4FA4-A923-6B3E257B9C89', 'N1414010217', '王十七', '男', '1995-09-01 00:00:00', '汉', '山西临汾', '杭州路1号', '142625199608000001', '454002', '2014-09-01 00:00:00', '本科', 'AC7D74D3-35BB-4FE9-A82E-1DB9CAAD8DDA', 'BBC9E0D3-6B71-4B35-8888-47015EC51CF6', '6EC4E94D-EA0A-4B59-8C53-2FDED39DA3D1', 'admin', '系统管理员', '2018-06-11 13:27:54');
INSERT INTO `schoolroll` VALUES ('D21365F7-A8C2-4CBC-B35F-1730926CB1C9', 'N1414010218', '王十八', '男', '1995-09-01 00:00:00', '汉', '山西临汾', '杭州路1号', '142625199608000001', '454002', '2014-09-01 00:00:00', '本科', 'AC7D74D3-35BB-4FE9-A82E-1DB9CAAD8DDA', 'BBC9E0D3-6B71-4B35-8888-47015EC51CF6', '6EC4E94D-EA0A-4B59-8C53-2FDED39DA3D1', 'admin', '系统管理员', '2018-06-11 13:27:54');
INSERT INTO `schoolroll` VALUES ('F8E9B3E0-E87D-4542-BFA3-7B8680B91A5E', 'N1414010219', '王十九', '男', '1995-09-01 00:00:00', '汉', '山西临汾', '杭州路1号', '142625199608000001', '454002', '2014-09-01 00:00:00', '本科', 'AC7D74D3-35BB-4FE9-A82E-1DB9CAAD8DDA', 'BBC9E0D3-6B71-4B35-8888-47015EC51CF6', '6EC4E94D-EA0A-4B59-8C53-2FDED39DA3D1', 'admin', '系统管理员', '2018-06-11 13:27:54');
INSERT INTO `schoolroll` VALUES ('F824355D-D949-4991-B925-5F4319FBD06A', 'N1414010220', '王二十', '男', '1995-09-01 00:00:00', '汉', '山西临汾', '杭州路1号', '142625199608000001', '454002', '2014-09-01 00:00:00', '本科', 'AC7D74D3-35BB-4FE9-A82E-1DB9CAAD8DDA', 'BBC9E0D3-6B71-4B35-8888-47015EC51CF6', '8AD1E7B9-2E6D-45E9-96FC-20705CCE52C0', 'admin', '系统管理员', '2018-06-11 13:27:54');
INSERT INTO `schoolroll` VALUES ('0C4F2D5C-DC25-4F70-AD54-BC25F5BF3707', 'N1414010301', '李一', '男', '1995-09-01 00:00:00', '汉', '河南焦作', '杭州路1号', '142625199608000002', '454002', '2014-09-01 00:00:00', '本科', 'AC7D74D3-35BB-4FE9-A82E-1DB9CAAD8DDA', '67BBB7AD-1C09-43D7-9A14-E5E225E8CC28', '030F6153-71B3-41CF-A59E-5071A181334D', 'admin', '系统管理员', '2018-06-11 13:37:31');
INSERT INTO `schoolroll` VALUES ('B7594B2F-EBEF-4B39-8311-84B7DC597AB8', 'N1414010302', '李二', '男', '1995-09-01 00:00:00', '汉', '山西临汾', '杭州路1号', '142625199608000002', '454002', '2014-09-01 00:00:00', '本科', 'AC7D74D3-35BB-4FE9-A82E-1DB9CAAD8DDA', '67BBB7AD-1C09-43D7-9A14-E5E225E8CC28', '030F6153-71B3-41CF-A59E-5071A181334D', 'admin', '系统管理员', '2018-06-11 13:37:31');
INSERT INTO `schoolroll` VALUES ('27A8D2D4-EB4E-40D0-B772-73E0A0F70CED', 'N1414010303', '李三', '男', '1995-09-01 00:00:00', '汉', '山西临汾', '杭州路1号', '142625199608000002', '454002', '2014-09-01 00:00:00', '本科', 'AC7D74D3-35BB-4FE9-A82E-1DB9CAAD8DDA', '67BBB7AD-1C09-43D7-9A14-E5E225E8CC28', '030F6153-71B3-41CF-A59E-5071A181334D', 'admin', '系统管理员', '2018-06-11 13:37:31');
INSERT INTO `schoolroll` VALUES ('B3385846-F145-413C-A2E2-441B66EC0F31', 'N1414010304', '李四', '男', '1995-09-01 00:00:00', '汉', '山西临汾', '杭州路1号', '142625199608000002', '454002', '2014-09-01 00:00:00', '本科', 'AC7D74D3-35BB-4FE9-A82E-1DB9CAAD8DDA', '67BBB7AD-1C09-43D7-9A14-E5E225E8CC28', '030F6153-71B3-41CF-A59E-5071A181334D', 'admin', '系统管理员', '2018-06-11 13:37:31');
INSERT INTO `schoolroll` VALUES ('D10276FC-9E6A-4842-9A65-58530258E136', 'N1414010305', '李五', '男', '1995-09-01 00:00:00', '汉', '山西临汾', '杭州路1号', '142625199608000002', '454002', '2014-09-01 00:00:00', '本科', 'AC7D74D3-35BB-4FE9-A82E-1DB9CAAD8DDA', '67BBB7AD-1C09-43D7-9A14-E5E225E8CC28', '030F6153-71B3-41CF-A59E-5071A181334D', 'admin', '系统管理员', '2018-06-11 13:37:31');
INSERT INTO `schoolroll` VALUES ('509C70D0-8C90-4B54-A10E-AEB8A344C37F', 'N1414010306', '李六', '男', '1995-09-01 00:00:00', '汉', '山西临汾', '杭州路1号', '142625199608000002', '454002', '2014-09-01 00:00:00', '本科', 'AC7D74D3-35BB-4FE9-A82E-1DB9CAAD8DDA', '67BBB7AD-1C09-43D7-9A14-E5E225E8CC28', '030F6153-71B3-41CF-A59E-5071A181334D', 'admin', '系统管理员', '2018-06-11 13:37:31');
INSERT INTO `schoolroll` VALUES ('00A5D5B8-5C83-4317-A929-E3DFF92571AE', 'N1414010307', '李七', '男', '1995-09-01 00:00:00', '汉', '山西临汾', '杭州路1号', '142625199608000002', '454002', '2014-09-01 00:00:00', '本科', 'AC7D74D3-35BB-4FE9-A82E-1DB9CAAD8DDA', '67BBB7AD-1C09-43D7-9A14-E5E225E8CC28', '030F6153-71B3-41CF-A59E-5071A181334D', 'admin', '系统管理员', '2018-06-11 13:37:31');
INSERT INTO `schoolroll` VALUES ('22DD3518-8CE5-4F63-84A8-FCB74662163C', 'N1414010308', '李八', '男', '1995-09-01 00:00:00', '汉', '山西临汾', '杭州路1号', '142625199608000002', '454002', '2014-09-01 00:00:00', '本科', 'AC7D74D3-35BB-4FE9-A82E-1DB9CAAD8DDA', '67BBB7AD-1C09-43D7-9A14-E5E225E8CC28', '030F6153-71B3-41CF-A59E-5071A181334D', 'admin', '系统管理员', '2018-06-11 13:37:31');
INSERT INTO `schoolroll` VALUES ('D02D4F9C-47E7-42BD-A49C-651FFF3D1040', 'N1414010309', '李九', '男', '1995-09-01 00:00:00', '汉', '山西临汾', '杭州路1号', '142625199608000002', '454002', '2014-09-01 00:00:00', '本科', 'AC7D74D3-35BB-4FE9-A82E-1DB9CAAD8DDA', '67BBB7AD-1C09-43D7-9A14-E5E225E8CC28', '030F6153-71B3-41CF-A59E-5071A181334D', 'admin', '系统管理员', '2018-06-11 13:37:31');
INSERT INTO `schoolroll` VALUES ('42252A62-D33B-4C96-8CB8-220B13094D89', 'N1414010310', '李十', '男', '1995-09-01 00:00:00', '汉', '山西临汾', '杭州路1号', '142625199608000002', '454002', '2014-09-01 00:00:00', '本科', 'AC7D74D3-35BB-4FE9-A82E-1DB9CAAD8DDA', '67BBB7AD-1C09-43D7-9A14-E5E225E8CC28', '030F6153-71B3-41CF-A59E-5071A181334D', 'admin', '系统管理员', '2018-06-11 13:37:31');
INSERT INTO `schoolroll` VALUES ('C15B05EF-1E6B-422E-BF5B-14B0BBA7BBBA', 'N1414010311', '李十一', '男', '1995-09-01 00:00:00', '汉', '山西临汾', '杭州路1号', '142625199608000002', '454002', '2014-09-01 00:00:00', '本科', 'AC7D74D3-35BB-4FE9-A82E-1DB9CAAD8DDA', '67BBB7AD-1C09-43D7-9A14-E5E225E8CC28', '030F6153-71B3-41CF-A59E-5071A181334D', 'admin', '系统管理员', '2018-06-11 13:37:31');
INSERT INTO `schoolroll` VALUES ('EEA75A7F-50D1-4D41-BE87-3933B5F072A3', 'N1414010312', '李十二', '男', '1995-09-01 00:00:00', '汉', '山西临汾', '杭州路1号', '142625199608000002', '454002', '2014-09-01 00:00:00', '本科', 'AC7D74D3-35BB-4FE9-A82E-1DB9CAAD8DDA', '67BBB7AD-1C09-43D7-9A14-E5E225E8CC28', '030F6153-71B3-41CF-A59E-5071A181334D', 'admin', '系统管理员', '2018-06-11 13:37:31');
INSERT INTO `schoolroll` VALUES ('51291B11-009A-4048-B9AC-1CF9281978B5', 'N1414010313', '李十三', '男', '1995-09-01 00:00:00', '汉', '山西临汾', '杭州路1号', '142625199608000002', '454002', '2014-09-01 00:00:00', '本科', 'AC7D74D3-35BB-4FE9-A82E-1DB9CAAD8DDA', '67BBB7AD-1C09-43D7-9A14-E5E225E8CC28', '030F6153-71B3-41CF-A59E-5071A181334D', 'admin', '系统管理员', '2018-06-11 13:37:31');
INSERT INTO `schoolroll` VALUES ('F61B67AC-DD28-47EC-83BD-A56B6BC842AF', 'N1414010314', '李十四', '男', '1995-09-01 00:00:00', '汉', '山西临汾', '杭州路1号', '142625199608000002', '454002', '2014-09-01 00:00:00', '本科', 'AC7D74D3-35BB-4FE9-A82E-1DB9CAAD8DDA', '67BBB7AD-1C09-43D7-9A14-E5E225E8CC28', '030F6153-71B3-41CF-A59E-5071A181334D', 'admin', '系统管理员', '2018-06-11 13:37:31');
INSERT INTO `schoolroll` VALUES ('D149C9C0-7926-4616-B950-57055421F70E', 'N1414010315', '李十五', '男', '1995-09-01 00:00:00', '汉', '山西临汾', '杭州路1号', '142625199608000002', '454002', '2014-09-01 00:00:00', '本科', 'AC7D74D3-35BB-4FE9-A82E-1DB9CAAD8DDA', '67BBB7AD-1C09-43D7-9A14-E5E225E8CC28', '030F6153-71B3-41CF-A59E-5071A181334D', 'admin', '系统管理员', '2018-06-11 13:37:31');
INSERT INTO `schoolroll` VALUES ('3D016FE6-FB23-4F3C-8590-D45373B6DD05', 'N1414010316', '李十六', '男', '1995-09-01 00:00:00', '汉', '山西临汾', '杭州路1号', '142625199608000002', '454002', '2014-09-01 00:00:00', '本科', 'AC7D74D3-35BB-4FE9-A82E-1DB9CAAD8DDA', '67BBB7AD-1C09-43D7-9A14-E5E225E8CC28', '030F6153-71B3-41CF-A59E-5071A181334D', 'admin', '系统管理员', '2018-06-11 13:37:31');
INSERT INTO `schoolroll` VALUES ('EF445CB6-2CAD-4156-B3F1-39002719AD50', 'N1414010317', '李十七', '男', '1995-09-01 00:00:00', '汉', '山西临汾', '杭州路1号', '142625199608000002', '454002', '2014-09-01 00:00:00', '本科', 'AC7D74D3-35BB-4FE9-A82E-1DB9CAAD8DDA', '67BBB7AD-1C09-43D7-9A14-E5E225E8CC28', '030F6153-71B3-41CF-A59E-5071A181334D', 'admin', '系统管理员', '2018-06-11 13:37:31');
INSERT INTO `schoolroll` VALUES ('5019241E-7B4B-477C-99FA-1011E1E9D8DB', 'N1414010318', '李十八', '男', '1995-09-01 00:00:00', '汉', '山西临汾', '杭州路1号', '142625199608000002', '454002', '2014-09-01 00:00:00', '本科', 'AC7D74D3-35BB-4FE9-A82E-1DB9CAAD8DDA', '67BBB7AD-1C09-43D7-9A14-E5E225E8CC28', '030F6153-71B3-41CF-A59E-5071A181334D', 'admin', '系统管理员', '2018-06-11 13:37:31');
INSERT INTO `schoolroll` VALUES ('6D6EF09D-CDAE-4933-9943-9E2BDECAC7B9', 'N1414010319', '李十九', '男', '1995-09-01 00:00:00', '汉', '山西临汾', '杭州路1号', '142625199608000002', '454002', '2014-09-01 00:00:00', '本科', 'AC7D74D3-35BB-4FE9-A82E-1DB9CAAD8DDA', '67BBB7AD-1C09-43D7-9A14-E5E225E8CC28', '030F6153-71B3-41CF-A59E-5071A181334D', 'admin', '系统管理员', '2018-06-11 13:37:31');
INSERT INTO `schoolroll` VALUES ('7DA32929-E42C-475C-8347-35992C195305', 'N1414010320', '李二十', '男', '1995-09-01 00:00:00', '汉', '山西临汾', '杭州路1号', '142625199608000002', '454002', '2014-09-01 00:00:00', '本科', 'AC7D74D3-35BB-4FE9-A82E-1DB9CAAD8DDA', '67BBB7AD-1C09-43D7-9A14-E5E225E8CC28', '030F6153-71B3-41CF-A59E-5071A181334D', 'admin', '系统管理员', '2018-06-11 13:37:31');
INSERT INTO `schoolroll` VALUES ('458B2C87-259E-4EC1-8517-F2847271CAF3', 'N1414010321', '李二十一', '男', '1997-06-13 00:00:00', '汉', '山西太原', '尖草坪区', '142625199503000000', '030000', '2014-09-01 00:00:00', '本科', 'AC7D74D3-35BB-4FE9-A82E-1DB9CAAD8DDA', '67BBB7AD-1C09-43D7-9A14-E5E225E8CC28', '030F6153-71B3-41CF-A59E-5071A181334D', 'admin', '系统管理员', '2018-06-11 13:45:08');

-- ----------------------------
-- Table structure for `teacher`
-- ----------------------------
DROP TABLE IF EXISTS `teacher`;
CREATE TABLE `teacher` (
  `ID` varchar(50) NOT NULL COMMENT 'ID',
  `TeacherID` varchar(10) NOT NULL COMMENT '教师工号',
  `TeacherName` varchar(50) NOT NULL COMMENT '教师姓名',
  `Sex` varchar(10) NOT NULL COMMENT '性别',
  `Telphone` varchar(50) NOT NULL COMMENT '联系方式',
  `Email` varchar(50) NOT NULL COMMENT '邮箱',
  `CollegeID` varchar(50) NOT NULL COMMENT '学院ID',
  `CreateUserID` varchar(10) NOT NULL COMMENT '创建人ID',
  `CreateUserName` varchar(50) NOT NULL,
  `CreateTime` varchar(255) NOT NULL COMMENT '创建时间',
  PRIMARY KEY (`ID`)
) ENGINE=MyISAM DEFAULT CHARSET=utf8;

-- ----------------------------
-- Records of teacher
-- ----------------------------
INSERT INTO `teacher` VALUES ('8EF2FC0B-A524-47F3-97CA-07A7B80DA0FE', '00001', '嬴政', '男', '13666666666', '44511415@163.com', 'AC7D74D3-35BB-4FE9-A82E-1DB9CAAD8DDA', 'admin', '系统管理员', '2018-06-08 21:04:26');
INSERT INTO `teacher` VALUES ('090583A7-8102-44F9-85D2-01ECE4B3A9FB', '00002', '刘彻', '男', '13555555555', '415415415@163.com', 'AC7D74D3-35BB-4FE9-A82E-1DB9CAAD8DDA', 'admin', '系统管理员', '2018-06-08 21:05:26');
INSERT INTO `teacher` VALUES ('CCC20ECA-9D15-474F-A43F-EE67061990C4', '00003', '刘备', '男', '13999999999', '3155811@163.com', 'AC7D74D3-35BB-4FE9-A82E-1DB9CAAD8DDA', 'admin', '系统管理员', '2018-06-08 21:06:37');
INSERT INTO `teacher` VALUES ('48A29298-C61B-4D20-9E3D-846B8222FCB9', '00004', '曹操', '男', '13652105210', '4854414@qq.com', 'AC7D74D3-35BB-4FE9-A82E-1DB9CAAD8DDA', 'admin', '系统管理员', '2018-06-08 21:08:30');
INSERT INTO `teacher` VALUES ('4DCDC23D-5235-428A-8383-BB26682D7034', '00005', '西施', '女', '15252525252', '5252552@qq.com', 'AC7D74D3-35BB-4FE9-A82E-1DB9CAAD8DDA', 'admin', '系统管理员', '2018-06-08 21:09:08');
INSERT INTO `teacher` VALUES ('E078A0F7-29E6-48BA-8258-F3142708901E', '00006', '王昭君', '女', '13777777777', '5415178@qq.com', 'AC7D74D3-35BB-4FE9-A82E-1DB9CAAD8DDA', 'admin', '系统管理员', '2018-06-08 21:11:12');
INSERT INTO `teacher` VALUES ('11F7D4E5-443A-4AA3-BBD0-703E6C30A1D0', '00007', '李世民', '男', '13998989898', '5415114@163.com', 'AC7D74D3-35BB-4FE9-A82E-1DB9CAAD8DDA', 'admin', '系统管理员', '2018-06-08 21:12:48');
INSERT INTO `teacher` VALUES ('7880BB52-2A3D-45E4-905B-1EA7B5575DD9', '00008', '武曌', '女', '18888888888', '8888882@qq.com', 'AC7D74D3-35BB-4FE9-A82E-1DB9CAAD8DDA', 'admin', '系统管理员', '2018-06-08 21:13:51');
INSERT INTO `teacher` VALUES ('0AF9E56F-17BE-4102-BE5D-D442EEF68B95', '00009', '上官婉儿', '女', '15666555566', '485415619@qq.com', 'AC7D74D3-35BB-4FE9-A82E-1DB9CAAD8DDA', 'admin', '系统管理员', '2018-06-08 21:16:15');
INSERT INTO `teacher` VALUES ('D85EAE7B-8893-4C99-8DA2-8900C7BD737D', '00010', '李隆基', '男', '13223233232', '154510@qq.com', 'AC7D74D3-35BB-4FE9-A82E-1DB9CAAD8DDA', 'admin', '系统管理员', '2018-06-08 21:16:50');
INSERT INTO `teacher` VALUES ('5663C9D6-1A71-4406-8354-C88B4857ACE1', '00011', '赵匡胤', '男', '13333445566', '4546412@163.com', 'AC7D74D3-35BB-4FE9-A82E-1DB9CAAD8DDA', 'admin', '系统管理员', '2018-06-08 21:17:39');
INSERT INTO `teacher` VALUES ('E92665FC-9F19-425B-ACF1-96E9E1038A6C', '00012', '成吉思汗', '男', '13895955858', '448484@qq.com', 'AC7D74D3-35BB-4FE9-A82E-1DB9CAAD8DDA', 'admin', '系统管理员', '2018-06-08 21:20:54');

-- ----------------------------
-- Table structure for `user`
-- ----------------------------
DROP TABLE IF EXISTS `user`;
CREATE TABLE `user` (
  `ID` varchar(50) NOT NULL COMMENT 'ID',
  `UserID` varchar(50) NOT NULL COMMENT '用户编码',
  `UserName` varchar(50) NOT NULL COMMENT '用户名',
  `UserPassWord` varchar(50) NOT NULL COMMENT '用户密码',
  `UserState` bit(1) NOT NULL COMMENT '用户状态',
  `UserType` varchar(10) NOT NULL COMMENT '用户类型',
  `CreateUserID` varchar(10) NOT NULL COMMENT '创建人ID',
  `CreateUserName` varchar(50) NOT NULL COMMENT '创建人名称',
  `CreateTime` datetime NOT NULL COMMENT '创建时间 ',
  PRIMARY KEY (`ID`)
) ENGINE=MyISAM DEFAULT CHARSET=utf8;

-- ----------------------------
-- Records of user
-- ----------------------------
INSERT INTO `user` VALUES ('48E47B95-4EE1-4D55-BC75-6804087DDD86', 'admin', '系统管理员', '123456', '', 'admin', 'admin', '系统管理员', '2018-05-18 17:08:31');
INSERT INTO `user` VALUES ('8B36780B-665B-4252-A92C-6E9E53800E67', '00001', '嬴政', '123456', '', 'teacher', 'admin', '系统管理员', '2018-06-08 21:04:26');
INSERT INTO `user` VALUES ('3EE429BB-367E-4170-A715-BBB6EA656BD6', '00002', '刘彻', '123456', '', 'teacher', 'admin', '系统管理员', '2018-06-08 21:05:26');
INSERT INTO `user` VALUES ('8D4DED62-5E51-4BFF-B581-E8AC7D8AD2D0', '00003', '刘备', '123456', '', 'teacher', 'admin', '系统管理员', '2018-06-08 21:06:37');
INSERT INTO `user` VALUES ('74BE1F04-4FB8-401C-9BFD-3464ABD696DD', '00004', '曹操', '123456', '', 'teacher', 'admin', '系统管理员', '2018-06-08 21:08:30');
INSERT INTO `user` VALUES ('B9CC9824-BB44-4E5D-871C-BC8EBE858241', '00005', '西施', '123456', '', 'teacher', 'admin', '系统管理员', '2018-06-08 21:09:08');
INSERT INTO `user` VALUES ('F57F6198-2E64-4CB5-B418-4FEFC842AE5A', '00006', '王昭君', '123456', '', 'teacher', 'admin', '系统管理员', '2018-06-08 21:11:12');
INSERT INTO `user` VALUES ('8E8DCE3A-B80B-4127-9623-972594D61DC7', '00008', '李世民', '123456', '', 'teacher', 'admin', '系统管理员', '2018-06-08 21:12:48');
INSERT INTO `user` VALUES ('7F8B8AFB-8255-4571-93A1-D06B39106895', '00008', '武曌', '123456', '', 'teacher', 'admin', '系统管理员', '2018-06-08 21:13:51');
INSERT INTO `user` VALUES ('08B03226-E13E-4673-8091-9D9BC7A2D133', '00009', '上官婉儿', '123456', '', 'teacher', 'admin', '系统管理员', '2018-06-08 21:16:15');
INSERT INTO `user` VALUES ('09F9FFE5-1DA7-4282-B210-FA73CA80CE35', '00010', '李隆基', '123456', '', 'teacher', 'admin', '系统管理员', '2018-06-08 21:16:50');
INSERT INTO `user` VALUES ('8EA1C0A6-AEFB-43E5-9380-4FE092129BEA', '00011', '赵匡胤', '123456', '', 'teacher', 'admin', '系统管理员', '2018-06-08 21:17:39');
INSERT INTO `user` VALUES ('AD9378F3-4940-4A9B-BC7B-98FD9E2D4E08', '00012', '成吉思汗', '123456', '', 'teacher', 'admin', '系统管理员', '2018-06-08 21:20:54');
INSERT INTO `user` VALUES ('D94F9C5D-2AC8-402A-A2C6-1ED699C37A54', 'N1414010101', '张一', '000000', '', 'student', 'admin', '系统管理员', '2018-06-11 13:22:08');
INSERT INTO `user` VALUES ('6B447782-285D-48E6-A6A8-7452DED55E73', 'N1414010102', '张二', '000000', '', 'student', 'admin', '系统管理员', '2018-06-11 13:22:08');
INSERT INTO `user` VALUES ('EE5C5177-BF4E-44A3-8E37-4FD4D4AD905D', 'N1414010103', '张三', '000000', '', 'student', 'admin', '系统管理员', '2018-06-11 13:22:08');
INSERT INTO `user` VALUES ('B6D4B62E-CD8D-40E2-AA40-45E8C3662541', 'N1414010104', '张四', '000000', '', 'student', 'admin', '系统管理员', '2018-06-11 13:22:08');
INSERT INTO `user` VALUES ('9F2BD1F7-5F0E-43B5-8B3D-028F45D5E89B', 'N1414010105', '张五', '000000', '', 'student', 'admin', '系统管理员', '2018-06-11 13:22:08');
INSERT INTO `user` VALUES ('5F4552E8-557B-48A8-8805-44D3D9CDE0AB', 'N1414010106', '张六', '000000', '', 'student', 'admin', '系统管理员', '2018-06-11 13:22:08');
INSERT INTO `user` VALUES ('EDE853C0-138C-4D1F-8714-5A418322E0B0', 'N1414010107', '张七', '000000', '', 'student', 'admin', '系统管理员', '2018-06-11 13:22:08');
INSERT INTO `user` VALUES ('6495B649-00FC-4B58-9ABC-651335865D8D', 'N1414010108', '张八', '000000', '', 'student', 'admin', '系统管理员', '2018-06-11 13:22:08');
INSERT INTO `user` VALUES ('8FF87F94-6FBC-4E6E-9BB4-EEE8B63BFE33', 'N1414010109', '张九', '000000', '', 'student', 'admin', '系统管理员', '2018-06-11 13:22:08');
INSERT INTO `user` VALUES ('2BABF879-FE67-4316-A1AE-F9D3ADB7E9F9', 'N1414010110', '张十', '000000', '', 'student', 'admin', '系统管理员', '2018-06-11 13:22:08');
INSERT INTO `user` VALUES ('7C25ACF4-44EB-466D-88E2-9C3D9ED9121A', 'N1414010111', '张十一', '000000', '', 'student', 'admin', '系统管理员', '2018-06-11 13:22:08');
INSERT INTO `user` VALUES ('5C888A84-A0EF-40C0-AE04-74621679AD17', 'N1414010112', '张十二', '000000', '', 'student', 'admin', '系统管理员', '2018-06-11 13:22:08');
INSERT INTO `user` VALUES ('8CB91B32-A6BC-47A3-8ECF-17F054E3C58F', 'N1414010113', '张十三', '000000', '', 'student', 'admin', '系统管理员', '2018-06-11 13:22:08');
INSERT INTO `user` VALUES ('5BE6B68D-A4CD-4B64-AEEC-6349F00D9FBF', 'N1414010114', '张十四', '000000', '', 'student', 'admin', '系统管理员', '2018-06-11 13:22:08');
INSERT INTO `user` VALUES ('D198F6A3-95F5-4858-AEB9-BA501807BE01', 'N1414010115', '张十五', '000000', '', 'student', 'admin', '系统管理员', '2018-06-11 13:22:08');
INSERT INTO `user` VALUES ('74DBB087-DD84-4006-B71B-9DED7436DC77', 'N1414010116', '张十六', '000000', '', 'student', 'admin', '系统管理员', '2018-06-11 13:22:08');
INSERT INTO `user` VALUES ('A3810F28-4AE8-4292-84B1-26DFE1E901CD', 'N1414010117', '张十七', '000000', '', 'student', 'admin', '系统管理员', '2018-06-11 13:22:08');
INSERT INTO `user` VALUES ('C938FDCE-C4F6-4773-934F-512770A1FFAE', 'N1414010118', '张十八', '000000', '', 'student', 'admin', '系统管理员', '2018-06-11 13:22:08');
INSERT INTO `user` VALUES ('01AF7754-1032-4000-9A65-86B879E2A203', 'N1414010119', '张十九', '000000', '', 'student', 'admin', '系统管理员', '2018-06-11 13:22:08');
INSERT INTO `user` VALUES ('7A12C249-0A49-4E92-A0FE-9732FF0FD354', 'N1414010120', '张二十', '000000', '', 'student', 'admin', '系统管理员', '2018-06-11 13:22:08');
INSERT INTO `user` VALUES ('D7EC538A-FC6D-45B9-8CA2-53191EDE97AD', 'N1414010201', '王一', '000001', '', 'student', 'admin', '系统管理员', '2018-06-11 13:27:54');
INSERT INTO `user` VALUES ('0374672C-69D2-4077-8B75-B99A2BCDBFD1', 'N1414010202', '王二', '000001', '', 'student', 'admin', '系统管理员', '2018-06-11 13:27:54');
INSERT INTO `user` VALUES ('A9A376D0-25D8-4CBD-A532-8D38C5157927', 'N1414010203', '王三', '000001', '', 'student', 'admin', '系统管理员', '2018-06-11 13:27:54');
INSERT INTO `user` VALUES ('42A26EA3-738C-4612-A60A-E897EB9D0CC0', 'N1414010204', '王四', '000001', '', 'student', 'admin', '系统管理员', '2018-06-11 13:27:54');
INSERT INTO `user` VALUES ('E9D2C067-D511-4050-B6CC-C87278F191E5', 'N1414010205', '王五', '000001', '', 'student', 'admin', '系统管理员', '2018-06-11 13:27:54');
INSERT INTO `user` VALUES ('A097E135-8B31-4F98-AC45-8762CF40B9F8', 'N1414010206', '王六', '000001', '', 'student', 'admin', '系统管理员', '2018-06-11 13:27:54');
INSERT INTO `user` VALUES ('E42E8409-FD15-4D4C-9F4B-AE76925B5C8C', 'N1414010207', '王七', '000001', '', 'student', 'admin', '系统管理员', '2018-06-11 13:27:54');
INSERT INTO `user` VALUES ('031F04E0-6210-4461-B55E-C239A8E76D5E', 'N1414010208', '王八', '000001', '', 'student', 'admin', '系统管理员', '2018-06-11 13:27:54');
INSERT INTO `user` VALUES ('B8F4B94E-8AAE-4D04-B9B2-78D64E67BFDE', 'N1414010209', '王九', '000001', '', 'student', 'admin', '系统管理员', '2018-06-11 13:27:54');
INSERT INTO `user` VALUES ('74E7DD4C-5CC1-4BCD-9396-EAD020D24352', 'N1414010210', '王十', '000001', '', 'student', 'admin', '系统管理员', '2018-06-11 13:27:54');
INSERT INTO `user` VALUES ('ED855887-A7F2-4071-8B04-3EFD0881364D', 'N1414010211', '王十一', '000001', '', 'student', 'admin', '系统管理员', '2018-06-11 13:27:54');
INSERT INTO `user` VALUES ('24586457-6914-4AC0-972B-294C955EF59B', 'N1414010212', '王十二', '000001', '', 'student', 'admin', '系统管理员', '2018-06-11 13:27:54');
INSERT INTO `user` VALUES ('3503748F-6C24-4FEC-973C-E524CB7F23B3', 'N1414010213', '王十三', '000001', '', 'student', 'admin', '系统管理员', '2018-06-11 13:27:54');
INSERT INTO `user` VALUES ('4ABA65D3-CAFD-4738-97E8-DA59CD239F6F', 'N1414010214', '王十四', '000001', '', 'student', 'admin', '系统管理员', '2018-06-11 13:27:54');
INSERT INTO `user` VALUES ('7761C2AC-BD7C-44A1-9552-EBC2C6837311', 'N1414010215', '王十五', '000001', '', 'student', 'admin', '系统管理员', '2018-06-11 13:27:54');
INSERT INTO `user` VALUES ('00CAEB6E-D90E-4DC3-B890-C3FD24A745FE', 'N1414010216', '王十六', '000001', '', 'student', 'admin', '系统管理员', '2018-06-11 13:27:54');
INSERT INTO `user` VALUES ('86D76728-91BB-4445-AAE2-458E704A8B43', 'N1414010217', '王十七', '000001', '', 'student', 'admin', '系统管理员', '2018-06-11 13:27:54');
INSERT INTO `user` VALUES ('8BE512F7-6978-4F9A-A749-B8DB02A867FB', 'N1414010218', '王十八', '000001', '', 'student', 'admin', '系统管理员', '2018-06-11 13:27:54');
INSERT INTO `user` VALUES ('C00D72DB-8B8E-442B-B96E-632374F6B9C4', 'N1414010219', '王十九', '000001', '', 'student', 'admin', '系统管理员', '2018-06-11 13:27:54');
INSERT INTO `user` VALUES ('752C98F8-9FBC-472D-8E09-6804AF779594', 'N1414010220', '王二十', '000001', '', 'student', 'admin', '系统管理员', '2018-06-11 13:27:54');
INSERT INTO `user` VALUES ('53F530A1-ED37-4B1F-A4F5-4B30D7285D59', 'N1414010301', '李一', '000002', '', 'student', 'admin', '系统管理员', '2018-06-11 13:37:32');
INSERT INTO `user` VALUES ('E536C159-99F0-461F-8EE7-4D0E089337DD', 'N1414010302', '李二', '000002', '', 'student', 'admin', '系统管理员', '2018-06-11 13:37:32');
INSERT INTO `user` VALUES ('0E53893F-994B-4807-B3C9-011AA63F7E9A', 'N1414010303', '李三', '000002', '', 'student', 'admin', '系统管理员', '2018-06-11 13:37:32');
INSERT INTO `user` VALUES ('E75BDC12-ADE4-48BD-B97A-12BFABEFB7C5', 'N1414010304', '李四', '000002', '', 'student', 'admin', '系统管理员', '2018-06-11 13:37:32');
INSERT INTO `user` VALUES ('5A8A78F4-2B4B-4CF4-9DFE-5B2FA70F0874', 'N1414010305', '李五', '000002', '', 'student', 'admin', '系统管理员', '2018-06-11 13:37:32');
INSERT INTO `user` VALUES ('72914F7F-A06F-4953-9037-F3EF71A9788F', 'N1414010306', '李六', '000002', '', 'student', 'admin', '系统管理员', '2018-06-11 13:37:32');
INSERT INTO `user` VALUES ('57F6E198-8E9B-4C45-AB2E-68D8C51F2624', 'N1414010307', '李七', '000002', '', 'student', 'admin', '系统管理员', '2018-06-11 13:37:32');
INSERT INTO `user` VALUES ('29A7708A-8973-4C29-8BF4-EE524204C653', 'N1414010308', '李八', '000002', '', 'student', 'admin', '系统管理员', '2018-06-11 13:37:32');
INSERT INTO `user` VALUES ('75911404-CF0B-494C-9484-DAC0B817527E', 'N1414010309', '李九', '000002', '', 'student', 'admin', '系统管理员', '2018-06-11 13:37:32');
INSERT INTO `user` VALUES ('99484558-0F41-466E-9750-BA62E8D6CD41', 'N1414010310', '李十', '000002', '', 'student', 'admin', '系统管理员', '2018-06-11 13:37:32');
INSERT INTO `user` VALUES ('9DD329CA-A6F8-4523-ADA1-B0FFABC04D89', 'N1414010311', '李十一', '000002', '', 'student', 'admin', '系统管理员', '2018-06-11 13:37:32');
INSERT INTO `user` VALUES ('E4923187-B71B-410E-8BF1-B42A9E3EABD4', 'N1414010312', '李十二', '000002', '', 'student', 'admin', '系统管理员', '2018-06-11 13:37:32');
INSERT INTO `user` VALUES ('24F68AE9-0403-4C16-A76F-C9E66897751A', 'N1414010313', '李十三', '000002', '', 'student', 'admin', '系统管理员', '2018-06-11 13:37:32');
INSERT INTO `user` VALUES ('0E16970D-1E1B-4272-B212-4D9C16C53EC4', 'N1414010314', '李十四', '000002', '', 'student', 'admin', '系统管理员', '2018-06-11 13:37:32');
INSERT INTO `user` VALUES ('1742C355-46B1-4AEC-B30D-EBD2CE5A8857', 'N1414010315', '李十五', '000002', '', 'student', 'admin', '系统管理员', '2018-06-11 13:37:32');
INSERT INTO `user` VALUES ('95A7F9A0-79A2-4F8A-93B7-0F9D055112E3', 'N1414010316', '李十六', '000002', '', 'student', 'admin', '系统管理员', '2018-06-11 13:37:32');
INSERT INTO `user` VALUES ('FD949980-1319-4E53-B860-2DF08265CB24', 'N1414010317', '李十七', '000002', '', 'student', 'admin', '系统管理员', '2018-06-11 13:37:32');
INSERT INTO `user` VALUES ('6B052B07-1772-4243-AA23-771DA927640F', 'N1414010318', '李十八', '000002', '', 'student', 'admin', '系统管理员', '2018-06-11 13:37:32');
INSERT INTO `user` VALUES ('AE4D8D03-C6D3-42D2-A78B-C619963422CA', 'N1414010319', '李十九', '000002', '', 'student', 'admin', '系统管理员', '2018-06-11 13:37:32');
INSERT INTO `user` VALUES ('B322A7F3-E941-4309-8E8B-8C9827977849', 'N1414010320', '李二十', '000002', '', 'student', 'admin', '系统管理员', '2018-06-11 13:37:32');
INSERT INTO `user` VALUES ('34CFC0FF-BF0D-456F-AC7D-1B1FC20422A9', 'N1414010321', '李二十一', '000000', '', 'student', 'admin', '系统管理员', '2018-06-11 13:45:08');
