<?xml version="1.0" encoding="UTF-8" ?>
<!DOCTYPE mapper PUBLIC "-//mybatis.org//DTD Mapper 3.0//EN" "http://mybatis.org/dtd/mybatis-3-mapper.dtd" >
<mapper namespace="com.advance.mapper.AchievementMapper" >
  <resultMap id="BaseResultMap" type="com.advance.model.Achievement" >
    <id column="ID" property="id" jdbcType="VARCHAR" />
    <result column="SchoolRollID" property="schoolrollid" jdbcType="VARCHAR" />
    <result column="CurriculumID" property="curriculumid" jdbcType="VARCHAR" />
    <result column="Fraction" property="fraction" jdbcType="DECIMAL" />
    <result column="CreateUserID" property="createuserid" jdbcType="VARCHAR" />
    <result column="CreateUserName" property="createusername" jdbcType="VARCHAR" />
    <result column="CreateTime" property="createtime" jdbcType="TIMESTAMP" />
  </resultMap>
  <sql id="Base_Column_List" >
    ID, SchoolRollID, CurriculumID, Fraction, CreateUserID, CreateUserName, CreateTime
  </sql>
  <select id="selectByPrimaryKey" resultMap="BaseResultMap" parameterType="java.lang.String" >
    select 
    <include refid="Base_Column_List" />
    from achievement
    where ID = #{id,jdbcType=VARCHAR}
  </select>
  
  <select id="SelectAchievementsBySchoolRollID" resultMap="BaseResultMap" parameterType="java.lang.String" >
    select 
   a.ID, b.Name as SchoolRollID, c.CurriculumName as CurriculumID, a.Fraction, a.CreateUserID, a.CreateUserName, a.CreateTime
    from achievement a inner join schoolroll b on a.SchoolRollID=b.ID inner join curriculum c on a.CurriculumID=c.ID
    where a.SchoolRollID = #{schoolrollid,jdbcType=VARCHAR}
  </select>
  <select id="SelectAchievementsByCurriculumID" resultMap="BaseResultMap" parameterType="java.lang.String" >
    select 
    a.ID, b.Name as SchoolRollID, c.CurriculumName as CurriculumID, a.Fraction, a.CreateUserID, a.CreateUserName, a.CreateTime
    from achievement a inner join schoolroll b on a.SchoolRollID=b.ID inner join curriculum c on a.CurriculumID=c.ID
    where a.CurriculumID = #{curriculumid,jdbcType=VARCHAR}
  </select>
  
  <!-- 查询所有sql -->
  <select id="SelectAchievements" resultMap="BaseResultMap">
    select 
    a.ID, b.Name as SchoolRollID, c.CurriculumName as CurriculumID, a.Fraction, a.CreateUserID, a.CreateUserName, a.CreateTime
    from achievement a inner join schoolroll b on a.SchoolRollID=b.ID inner join curriculum c on a.CurriculumID=c.ID    
  </select>
  
    <select id="SelectAchievementsByClassID" resultMap="BaseResultMap" parameterType="java.lang.String">
    select 
    a.ID, b.Name as SchoolRollID, c.CurriculumName as CurriculumID, a.Fraction, a.CreateUserID, a.CreateUserName, a.CreateTime
    from achievement a inner join schoolroll b on a.SchoolRollID=b.ID inner join curriculum c on a.CurriculumID=c.ID
    where b.ClassID=#{classid,jdbcType=VARCHAR}
  </select>
  
  <delete id="deleteByPrimaryKey" parameterType="java.lang.String" >
    delete from achievement
    where ID = #{id,jdbcType=VARCHAR}
  </delete>
  <insert id="insert" parameterType="com.advance.model.Achievement" >
    insert into achievement (ID, SchoolRollID, CurriculumID, 
      Fraction, CreateUserID, CreateUserName, 
      CreateTime)
    values (#{id,jdbcType=VARCHAR}, #{schoolrollid,jdbcType=VARCHAR}, #{curriculumid,jdbcType=VARCHAR}, 
      #{fraction,jdbcType=DECIMAL}, #{createuserid,jdbcType=VARCHAR}, #{createusername,jdbcType=VARCHAR}, 
      #{createtime,jdbcType=TIMESTAMP})
  </insert>
  <insert id="insertSelective" parameterType="com.advance.model.Achievement" >
    insert into achievement
    <trim prefix="(" suffix=")" suffixOverrides="," >
      <if test="id != null" >
        ID,
      </if>
      <if test="schoolrollid != null" >
        SchoolRollID,
      </if>
      <if test="curriculumid != null" >
        CurriculumID,
      </if>
      <if test="fraction != null" >
        Fraction,
      </if>
      <if test="createuserid != null" >
        CreateUserID,
      </if>
      <if test="createusername != null" >
        CreateUserName,
      </if>
      <if test="createtime != null" >
        CreateTime,
      </if>
    </trim>
    <trim prefix="values (" suffix=")" suffixOverrides="," >
      <if test="id != null" >
        #{id,jdbcType=VARCHAR},
      </if>
      <if test="schoolrollid != null" >
        #{schoolrollid,jdbcType=VARCHAR},
      </if>
      <if test="curriculumid != null" >
        #{curriculumid,jdbcType=VARCHAR},
      </if>
      <if test="fraction != null" >
        #{fraction,jdbcType=DECIMAL},
      </if>
      <if test="createuserid != null" >
        #{createuserid,jdbcType=VARCHAR},
      </if>
      <if test="createusername != null" >
        #{createusername,jdbcType=VARCHAR},
      </if>
      <if test="createtime != null" >
        #{createtime,jdbcType=TIMESTAMP},
      </if>
    </trim>
  </insert>
  <update id="updateByPrimaryKeySelective" parameterType="com.advance.model.Achievement" >
    update achievement
    <set >
      <if test="schoolrollid != null" >
        SchoolRollID = #{schoolrollid,jdbcType=VARCHAR},
      </if>
      <if test="curriculumid != null" >
        CurriculumID = #{curriculumid,jdbcType=VARCHAR},
      </if>
      <if test="fraction != null" >
        Fraction = #{fraction,jdbcType=DECIMAL},
      </if>
      <if test="createuserid != null" >
        CreateUserID = #{createuserid,jdbcType=VARCHAR},
      </if>
      <if test="createusername != null" >
        CreateUserName = #{createusername,jdbcType=VARCHAR},
      </if>
      <if test="createtime != null" >
        CreateTime = #{createtime,jdbcType=TIMESTAMP},
      </if>
    </set>
    where ID = #{id,jdbcType=VARCHAR}
  </update>
  <update id="updateByPrimaryKey" parameterType="com.advance.model.Achievement" >
    update achievement
    set SchoolRollID = #{schoolrollid,jdbcType=VARCHAR},
      CurriculumID = #{curriculumid,jdbcType=VARCHAR},
      Fraction = #{fraction,jdbcType=DECIMAL},
      CreateUserID = #{createuserid,jdbcType=VARCHAR},
      CreateUserName = #{createusername,jdbcType=VARCHAR},
      CreateTime = #{createtime,jdbcType=TIMESTAMP}
    where ID = #{id,jdbcType=VARCHAR}
  </update>
</mapper>