<?xml version="1.0" encoding="UTF-8" ?>
<!DOCTYPE mapper PUBLIC "-//mybatis.org//DTD Mapper 3.0//EN" "http://mybatis.org/dtd/mybatis-3-mapper.dtd" >
<mapper namespace="com.advance.mapper.ActivityMapper" >
  <resultMap id="BaseResultMap" type="com.advance.model.Activity" >
    <id column="ID" property="id" jdbcType="VARCHAR" />
    <result column="ActivityID" property="activityid" jdbcType="VARCHAR" />
    <result column="ActivityName" property="activityname" jdbcType="VARCHAR" />
    <result column="ClassID" property="classid" jdbcType="VARCHAR" />
    <result column="ApplicantID" property="applicantid" jdbcType="VARCHAR" />
    <result column="ApplicantName" property="applicantname" jdbcType="VARCHAR" />
    <result column="ApplicantTime" property="applicanttime" jdbcType="TIMESTAMP" />
    <result column="ActivityState" property="activitystate" jdbcType="BIT" />
    <result column="ExamUserID" property="examuserid" jdbcType="VARCHAR" />
    <result column="ExamUserName" property="examusername" jdbcType="VARCHAR" />
    <result column="ExamTime" property="examtime" jdbcType="TIMESTAMP" />
  </resultMap>
  <resultMap id="ResultMapWithBLOBs" type="com.advance.model.Activity" extends="BaseResultMap" >
    <result column="ActivityDescribe" property="activitydescribe" jdbcType="LONGVARCHAR" />
  </resultMap>
  <sql id="Base_Column_List" >
    ID, ActivityID, ActivityName, ClassID, ApplicantID, ApplicantName, ApplicantTime, 
    ActivityState, ExamUserID, ExamUserName, ExamTime
  </sql>
  <sql id="Blob_Column_List" >
    ActivityDescribe
  </sql>
  <select id="selectByPrimaryKey" resultMap="ResultMapWithBLOBs" parameterType="java.lang.String" >
    select 
    <include refid="Base_Column_List" />
    ,
    <include refid="Blob_Column_List" />
    from activity
    where ID = #{id,jdbcType=VARCHAR}
  </select>
  
  <select id="SelectActivitysByClassID" resultMap="ResultMapWithBLOBs" parameterType="java.lang.String" >
    select 
    a.ID, a.ActivityID, a.ActivityName, b.ClassName as ClassID, a.ApplicantID,a.ActivityDescribe, a.ApplicantName, a.ApplicantTime, 
    a.ActivityState, a.ExamUserID, a.ExamUserName, a.ExamTime
    from activity a inner join class b on a.ClassID=b.ID
    where a.ClassID = #{classid,jdbcType=VARCHAR}
  </select>
  
  <select id="SelectActivitysByExamUserID" resultMap="ResultMapWithBLOBs" parameterType="java.lang.String" >
    select 
    a.ID, a.ActivityID, a.ActivityName, b.ClassName as ClassID, a.ApplicantID,a.ActivityDescribe, a.ApplicantName, a.ApplicantTime, 
    a.ActivityState, a.ExamUserID, a.ExamUserName, a.ExamTime
    from activity a inner join class b on a.ClassID=b.ID
    where a.ExamUserID = #{examuserid,jdbcType=VARCHAR}
  </select>
  
  <select id="SelectActivitysByApplicantID" resultMap="ResultMapWithBLOBs" parameterType="java.lang.String" >
    select 
    a.ID, a.ActivityID, a.ActivityName, b.ClassName as ClassID, a.ApplicantID,a.ActivityDescribe, a.ApplicantName, a.ApplicantTime, 
    a.ActivityState, a.ExamUserID, a.ExamUserName, a.ExamTime
    from activity a inner join class b on a.ClassID=b.ID
    where a.ApplicantID = #{applicantid,jdbcType=VARCHAR}
  </select>
  
  <!-- 查询所有sql -->
  <select id="SelectActivitys" resultMap="ResultMapWithBLOBs">
    select 
    a.ID, a.ActivityID, a.ActivityName, b.ClassName as ClassID, a.ApplicantID,a.ActivityDescribe, a.ApplicantName, a.ApplicantTime, 
    a.ActivityState, a.ExamUserID, a.ExamUserName, a.ExamTime
    from activity a inner join class b on a.ClassID=b.ID
  </select>
  <delete id="deleteByPrimaryKey" parameterType="java.lang.String" >
    delete from activity
    where ID = #{id,jdbcType=VARCHAR}
  </delete>
  <insert id="insert" parameterType="com.advance.model.Activity" >
    insert into activity (ID, ActivityID, ActivityName, 
      ClassID, ApplicantID, ApplicantName, 
      ApplicantTime, ActivityState, ExamUserID, 
      ExamUserName, ExamTime, ActivityDescribe
      )
    values (#{id,jdbcType=VARCHAR}, #{activityid,jdbcType=VARCHAR}, #{activityname,jdbcType=VARCHAR}, 
      #{classid,jdbcType=VARCHAR}, #{applicantid,jdbcType=VARCHAR}, #{applicantname,jdbcType=VARCHAR}, 
      #{applicanttime,jdbcType=TIMESTAMP}, #{activitystate,jdbcType=BIT}, #{examuserid,jdbcType=VARCHAR}, 
      #{examusername,jdbcType=VARCHAR}, #{examtime,jdbcType=TIMESTAMP}, #{activitydescribe,jdbcType=LONGVARCHAR}
      )
  </insert>
  <insert id="insertSelective" parameterType="com.advance.model.Activity" >
    insert into activity
    <trim prefix="(" suffix=")" suffixOverrides="," >
      <if test="id != null" >
        ID,
      </if>
      <if test="activityid != null" >
        ActivityID,
      </if>
      <if test="activityname != null" >
        ActivityName,
      </if>
      <if test="classid != null" >
        ClassID,
      </if>
      <if test="applicantid != null" >
        ApplicantID,
      </if>
      <if test="applicantname != null" >
        ApplicantName,
      </if>
      <if test="applicanttime != null" >
        ApplicantTime,
      </if>
      <if test="activitystate != null" >
        ActivityState,
      </if>
      <if test="examuserid != null" >
        ExamUserID,
      </if>
      <if test="examusername != null" >
        ExamUserName,
      </if>
      <if test="examtime != null" >
        ExamTime,
      </if>
      <if test="activitydescribe != null" >
        ActivityDescribe,
      </if>
    </trim>
    <trim prefix="values (" suffix=")" suffixOverrides="," >
      <if test="id != null" >
        #{id,jdbcType=VARCHAR},
      </if>
      <if test="activityid != null" >
        #{activityid,jdbcType=VARCHAR},
      </if>
      <if test="activityname != null" >
        #{activityname,jdbcType=VARCHAR},
      </if>
      <if test="classid != null" >
        #{classid,jdbcType=VARCHAR},
      </if>
      <if test="applicantid != null" >
        #{applicantid,jdbcType=VARCHAR},
      </if>
      <if test="applicantname != null" >
        #{applicantname,jdbcType=VARCHAR},
      </if>
      <if test="applicanttime != null" >
        #{applicanttime,jdbcType=TIMESTAMP},
      </if>
      <if test="activitystate != null" >
        #{activitystate,jdbcType=BIT},
      </if>
      <if test="examuserid != null" >
        #{examuserid,jdbcType=VARCHAR},
      </if>
      <if test="examusername != null" >
        #{examusername,jdbcType=VARCHAR},
      </if>
      <if test="examtime != null" >
        #{examtime,jdbcType=TIMESTAMP},
      </if>
      <if test="activitydescribe != null" >
        #{activitydescribe,jdbcType=LONGVARCHAR},
      </if>
    </trim>
  </insert>
  <update id="updateByPrimaryKeySelective" parameterType="com.advance.model.Activity" >
    update activity
    <set >
      <if test="activityid != null" >
        ActivityID = #{activityid,jdbcType=VARCHAR},
      </if>
      <if test="activityname != null" >
        ActivityName = #{activityname,jdbcType=VARCHAR},
      </if>
      <if test="classid != null" >
        ClassID = #{classid,jdbcType=VARCHAR},
      </if>
      <if test="applicantid != null" >
        ApplicantID = #{applicantid,jdbcType=VARCHAR},
      </if>
      <if test="applicantname != null" >
        ApplicantName = #{applicantname,jdbcType=VARCHAR},
      </if>
      <if test="applicanttime != null" >
        ApplicantTime = #{applicanttime,jdbcType=TIMESTAMP},
      </if>
      <if test="activitystate != null" >
        ActivityState = #{activitystate,jdbcType=BIT},
      </if>
      <if test="examuserid != null" >
        ExamUserID = #{examuserid,jdbcType=VARCHAR},
      </if>
      <if test="examusername != null" >
        ExamUserName = #{examusername,jdbcType=VARCHAR},
      </if>
      <if test="examtime != null" >
        ExamTime = #{examtime,jdbcType=TIMESTAMP},
      </if>
      <if test="activitydescribe != null" >
        ActivityDescribe = #{activitydescribe,jdbcType=LONGVARCHAR},
      </if>
    </set>
    where ID = #{id,jdbcType=VARCHAR}
  </update>
  <update id="updateByPrimaryKeyWithBLOBs" parameterType="com.advance.model.Activity" >
    update activity
    set ActivityID = #{activityid,jdbcType=VARCHAR},
      ActivityName = #{activityname,jdbcType=VARCHAR},
      ClassID = #{classid,jdbcType=VARCHAR},
      ApplicantID = #{applicantid,jdbcType=VARCHAR},
      ApplicantName = #{applicantname,jdbcType=VARCHAR},
      ApplicantTime = #{applicanttime,jdbcType=TIMESTAMP},
      ActivityState = #{activitystate,jdbcType=BIT},
      ExamUserID = #{examuserid,jdbcType=VARCHAR},
      ExamUserName = #{examusername,jdbcType=VARCHAR},
      ExamTime = #{examtime,jdbcType=TIMESTAMP},
      ActivityDescribe = #{activitydescribe,jdbcType=LONGVARCHAR}
    where ID = #{id,jdbcType=VARCHAR}
  </update>
  <update id="updateByPrimaryKey" parameterType="com.advance.model.Activity" >
    update activity
    set ActivityID = #{activityid,jdbcType=VARCHAR},
      ActivityName = #{activityname,jdbcType=VARCHAR},
      ClassID = #{classid,jdbcType=VARCHAR},
      ApplicantID = #{applicantid,jdbcType=VARCHAR},
      ApplicantName = #{applicantname,jdbcType=VARCHAR},
      ApplicantTime = #{applicanttime,jdbcType=TIMESTAMP},
      ActivityState = #{activitystate,jdbcType=BIT},
      ExamUserID = #{examuserid,jdbcType=VARCHAR},
      ExamUserName = #{examusername,jdbcType=VARCHAR},
      ExamTime = #{examtime,jdbcType=TIMESTAMP}
    where ID = #{id,jdbcType=VARCHAR}
  </update>
</mapper>