<?xml version="1.0" encoding="UTF-8" ?>
<!DOCTYPE mapper PUBLIC "-//mybatis.org//DTD Mapper 3.0//EN" "http://mybatis.org/dtd/mybatis-3-mapper.dtd" >
<mapper namespace="com.advance.mapper.ClassMapper" >
  <resultMap id="BaseResultMap" type="com.advance.model.Class" >
    <id column="ID" property="id" jdbcType="VARCHAR" />
    <result column="ClassID" property="classid" jdbcType="VARCHAR" />
    <result column="ClassName" property="classname" jdbcType="VARCHAR" />
    <result column="ClassNumber" property="classnumber" jdbcType="INTEGER" />
    <result column="CollegeID" property="collegeid" jdbcType="VARCHAR" />
    <result column="MajorID" property="majorid" jdbcType="VARCHAR" />
    <result column="CreateUserID" property="createuserid" jdbcType="VARCHAR" />
    <result column="CreateUserName" property="createusername" jdbcType="VARCHAR" />
    <result column="CreateTime" property="createtime" jdbcType="TIMESTAMP" />
  </resultMap>
  <sql id="Base_Column_List" >
    ID, ClassID, ClassName, ClassNumber, CollegeID, MajorID, CreateUserID, CreateUserName, 
    CreateTime
  </sql>
  <select id="selectByPrimaryKey" resultMap="BaseResultMap" parameterType="java.lang.String" >
    select 
    <include refid="Base_Column_List" />
    from class
    where ID = #{id,jdbcType=VARCHAR}
  </select>
  
  <select id="SelectByClassName" resultMap="BaseResultMap" parameterType="java.lang.String" >
    select 
    <include refid="Base_Column_List" />
    from class
    where ClassName = #{classname,jdbcType=VARCHAR}
  </select>
  
  <select id="SelectClasssByCollegeID" resultMap="BaseResultMap" parameterType="java.lang.String" >
    select 
    a.ID, a.ClassID, a.ClassName, a.ClassNumber, b.CollegeName as CollegeID,  c.MajorName as MajorID, a.CreateUserID, a.CreateUserName, a.CreateTime
    from class a inner join college b on a.CollegeID=b.ID inner join major c on a.MajorID=c.ID
    where a.CollegeID = #{collegeid,jdbcType=VARCHAR}
  </select>
  
  <select id="SelectClasssByMajorID" resultMap="BaseResultMap" parameterType="java.lang.String" >
    select 
   a.ID, a.ClassID, a.ClassName, a.ClassNumber, b.CollegeName as CollegeID,  c.MajorName as MajorID, a.CreateUserID, a.CreateUserName, a.CreateTime
    from class a inner join college b on a.CollegeID=b.ID inner join major c on a.MajorID=c.ID
    
    where a.MajorID = #{majorid,jdbcType=VARCHAR}
  </select>
  
   <!-- 查询所有sql -->
  <select id="SelectClasss" resultMap="BaseResultMap">
    select 
    a.ID, a.ClassID, a.ClassName, a.ClassNumber, b.CollegeName as CollegeID,  c.MajorName as MajorID, a.CreateUserID, a.CreateUserName, a.CreateTime
    from class a inner join college b on a.CollegeID=b.ID inner join major c on a.MajorID=c.ID
  </select>
  <delete id="deleteByPrimaryKey" parameterType="java.lang.String" >
    delete from class
    where ID = #{id,jdbcType=VARCHAR}
  </delete>
  <insert id="insert" parameterType="com.advance.model.Class" >
    insert into class (ID, ClassID, ClassName, 
      ClassNumber, CollegeID, MajorID, 
      CreateUserID, CreateUserName, CreateTime
      )
    values (#{id,jdbcType=VARCHAR}, #{classid,jdbcType=VARCHAR}, #{classname,jdbcType=VARCHAR}, 
      #{classnumber,jdbcType=INTEGER}, #{collegeid,jdbcType=VARCHAR}, #{majorid,jdbcType=VARCHAR}, 
      #{createuserid,jdbcType=VARCHAR}, #{createusername,jdbcType=VARCHAR}, #{createtime,jdbcType=TIMESTAMP}
      )
  </insert>
  <insert id="insertSelective" parameterType="com.advance.model.Class" >
    insert into class
    <trim prefix="(" suffix=")" suffixOverrides="," >
      <if test="id != null" >
        ID,
      </if>
      <if test="classid != null" >
        ClassID,
      </if>
      <if test="classname != null" >
        ClassName,
      </if>
      <if test="classnumber != null" >
        ClassNumber,
      </if>
      <if test="collegeid != null" >
        CollegeID,
      </if>
      <if test="majorid != null" >
        MajorID,
      </if>
      <if test="createuserid != null" >
        CreateUserID,
      </if>
      <if test="createusername != null" >
        CreateUserName,
      </if>
      <if test="createtime != null" >
        CreateTime,
      </if>
    </trim>
    <trim prefix="values (" suffix=")" suffixOverrides="," >
      <if test="id != null" >
        #{id,jdbcType=VARCHAR},
      </if>
      <if test="classid != null" >
        #{classid,jdbcType=VARCHAR},
      </if>
      <if test="classname != null" >
        #{classname,jdbcType=VARCHAR},
      </if>
      <if test="classnumber != null" >
        #{classnumber,jdbcType=INTEGER},
      </if>
      <if test="collegeid != null" >
        #{collegeid,jdbcType=VARCHAR},
      </if>
      <if test="majorid != null" >
        #{majorid,jdbcType=VARCHAR},
      </if>
      <if test="createuserid != null" >
        #{createuserid,jdbcType=VARCHAR},
      </if>
      <if test="createusername != null" >
        #{createusername,jdbcType=VARCHAR},
      </if>
      <if test="createtime != null" >
        #{createtime,jdbcType=TIMESTAMP},
      </if>
    </trim>
  </insert>
  <update id="updateByPrimaryKeySelective" parameterType="com.advance.model.Class" >
    update class
    <set >
      <if test="classid != null" >
        ClassID = #{classid,jdbcType=VARCHAR},
      </if>
      <if test="classname != null" >
        ClassName = #{classname,jdbcType=VARCHAR},
      </if>
      <if test="classnumber != null" >
        ClassNumber = #{classnumber,jdbcType=INTEGER},
      </if>
      <if test="collegeid != null" >
        CollegeID = #{collegeid,jdbcType=VARCHAR},
      </if>
      <if test="majorid != null" >
        MajorID = #{majorid,jdbcType=VARCHAR},
      </if>
      <if test="createuserid != null" >
        CreateUserID = #{createuserid,jdbcType=VARCHAR},
      </if>
      <if test="createusername != null" >
        CreateUserName = #{createusername,jdbcType=VARCHAR},
      </if>
      <if test="createtime != null" >
        CreateTime = #{createtime,jdbcType=TIMESTAMP},
      </if>
    </set>
    where ID = #{id,jdbcType=VARCHAR}
  </update>
  <update id="updateByPrimaryKey" parameterType="com.advance.model.Class" >
    update class
    set ClassID = #{classid,jdbcType=VARCHAR},
      ClassName = #{classname,jdbcType=VARCHAR},
      ClassNumber = #{classnumber,jdbcType=INTEGER},
      CollegeID = #{collegeid,jdbcType=VARCHAR},
      MajorID = #{majorid,jdbcType=VARCHAR},
      CreateUserID = #{createuserid,jdbcType=VARCHAR},
      CreateUserName = #{createusername,jdbcType=VARCHAR},
      CreateTime = #{createtime,jdbcType=TIMESTAMP}
    where ID = #{id,jdbcType=VARCHAR}
  </update>
</mapper>