<?xml version="1.0" encoding="UTF-8" ?>
<!DOCTYPE mapper PUBLIC "-//mybatis.org//DTD Mapper 3.0//EN" "http://mybatis.org/dtd/mybatis-3-mapper.dtd" >
<mapper namespace="com.advance.mapper.CollegeMapper" >
  <resultMap id="BaseResultMap" type="com.advance.model.College" >
    <id column="ID" property="id" jdbcType="VARCHAR" />
    <result column="CollegeID" property="collegeid" jdbcType="VARCHAR" />
    <result column="CollegeName" property="collegename" jdbcType="VARCHAR" />
    <result column="CollegeNumber" property="collegenumber" jdbcType="INTEGER" />
    <result column="CollegeDean" property="collegedean" jdbcType="VARCHAR" />
    <result column="CreateUserID" property="createuserid" jdbcType="VARCHAR" />
    <result column="CreateUserName" property="createusername" jdbcType="VARCHAR" />
    <result column="CreateTime" property="createtime" jdbcType="TIMESTAMP" />
  </resultMap>
  <sql id="Base_Column_List" >
    ID, CollegeID, CollegeName, CollegeNumber, CollegeDean, CreateUserID, CreateUserName, 
    CreateTime
  </sql>
  <select id="selectByPrimaryKey" resultMap="BaseResultMap" parameterType="java.lang.String" >
    select 
    <include refid="Base_Column_List" />
    from college
    where ID = #{id,jdbcType=VARCHAR}
  </select>
  
  <select id="SelectByCollegeName" resultMap="BaseResultMap" parameterType="java.lang.String" >
    select 
    <include refid="Base_Column_List" />
    from college
    where CollegeName = #{collegename,jdbcType=VARCHAR}
  </select>
  
  <!-- 查询所有sql -->
  <select id="SelectColleges" resultMap="BaseResultMap">
    select 
    <include refid="Base_Column_List" />
    from college
  </select>
  
  <delete id="deleteByPrimaryKey" parameterType="java.lang.String" >
    delete from college
    where ID = #{id,jdbcType=VARCHAR}
  </delete>
  <insert id="insert" parameterType="com.advance.model.College" >
  
    insert into college (ID, CollegeID, CollegeName, 
      CollegeNumber, CollegeDean, CreateUserID, 
      CreateUserName, CreateTime)
    values (#{id,jdbcType=VARCHAR}, #{collegeid,jdbcType=VARCHAR}, #{collegename,jdbcType=VARCHAR}, 
      #{collegenumber,jdbcType=INTEGER}, #{collegedean,jdbcType=VARCHAR}, #{createuserid,jdbcType=VARCHAR}, 
      #{createusername,jdbcType=VARCHAR}, #{createtime,jdbcType=TIMESTAMP})
  </insert>
  <insert id="insertSelective" parameterType="com.advance.model.College" >
    insert into college
    <trim prefix="(" suffix=")" suffixOverrides="," >
      <if test="id != null" >
        ID,
      </if>
      <if test="collegeid != null" >
        CollegeID,
      </if>
      <if test="collegename != null" >
        CollegeName,
      </if>
      <if test="collegenumber != null" >
        CollegeNumber,
      </if>
      <if test="collegedean != null" >
        CollegeDean,
      </if>
      <if test="createuserid != null" >
        CreateUserID,
      </if>
      <if test="createusername != null" >
        CreateUserName,
      </if>
      <if test="createtime != null" >
        CreateTime,
      </if>
    </trim>
    <trim prefix="values (" suffix=")" suffixOverrides="," >
      <if test="id != null" >
        #{id,jdbcType=VARCHAR},
      </if>
      <if test="collegeid != null" >
        #{collegeid,jdbcType=VARCHAR},
      </if>
      <if test="collegename != null" >
        #{collegename,jdbcType=VARCHAR},
      </if>
      <if test="collegenumber != null" >
        #{collegenumber,jdbcType=INTEGER},
      </if>
      <if test="collegedean != null" >
        #{collegedean,jdbcType=VARCHAR},
      </if>
      <if test="createuserid != null" >
        #{createuserid,jdbcType=VARCHAR},
      </if>
      <if test="createusername != null" >
        #{createusername,jdbcType=VARCHAR},
      </if>
      <if test="createtime != null" >
        #{createtime,jdbcType=TIMESTAMP},
      </if>
    </trim>
  </insert>
  <update id="updateByPrimaryKeySelective" parameterType="com.advance.model.College" >
    update college
    <set >
      <if test="collegeid != null" >
        CollegeID = #{collegeid,jdbcType=VARCHAR},
      </if>
      <if test="collegename != null" >
        CollegeName = #{collegename,jdbcType=VARCHAR},
      </if>
      <if test="collegenumber != null" >
        CollegeNumber = #{collegenumber,jdbcType=INTEGER},
      </if>
      <if test="collegedean != null" >
        CollegeDean = #{collegedean,jdbcType=VARCHAR},
      </if>
      <if test="createuserid != null" >
        CreateUserID = #{createuserid,jdbcType=VARCHAR},
      </if>
      <if test="createusername != null" >
        CreateUserName = #{createusername,jdbcType=VARCHAR},
      </if>
      <if test="createtime != null" >
        CreateTime = #{createtime,jdbcType=TIMESTAMP},
      </if>
    </set>
    where ID = #{id,jdbcType=VARCHAR}
  </update>
  <update id="updateByPrimaryKey" parameterType="com.advance.model.College" >
    update college
    set CollegeID = #{collegeid,jdbcType=VARCHAR},
      CollegeName = #{collegename,jdbcType=VARCHAR},
      CollegeNumber = #{collegenumber,jdbcType=INTEGER},
      CollegeDean = #{collegedean,jdbcType=VARCHAR},
      CreateUserID = #{createuserid,jdbcType=VARCHAR},
      CreateUserName = #{createusername,jdbcType=VARCHAR},
      CreateTime = #{createtime,jdbcType=TIMESTAMP}
    where ID = #{id,jdbcType=VARCHAR}
  </update>
</mapper>