<?xml version="1.0" encoding="UTF-8" ?>
<!DOCTYPE mapper PUBLIC "-//mybatis.org//DTD Mapper 3.0//EN" "http://mybatis.org/dtd/mybatis-3-mapper.dtd" >
<mapper namespace="com.advance.mapper.CurriculumMapper" >
  <resultMap id="BaseResultMap" type="com.advance.model.Curriculum" >
    <id column="ID" property="id" jdbcType="VARCHAR" />
    <result column="CurriculumID" property="curriculumid" jdbcType="VARCHAR" />
    <result column="CurriculumName" property="curriculumname" jdbcType="VARCHAR" />
    <result column="CurriculumDescribe" property="curriculumdescribe" jdbcType="VARCHAR" />
    <result column="CurriculumCredit" property="curriculumcredit" jdbcType="DECIMAL" />
    <result column="CurriculumFraction" property="curriculumfraction" jdbcType="DECIMAL" />
    <result column="CollegeID" property="collegeid" jdbcType="VARCHAR" />
    <result column="MajorID" property="majorid" jdbcType="VARCHAR" />
    <result column="CreateUserID" property="createuserid" jdbcType="VARCHAR" />
    <result column="CreateUserName" property="createusername" jdbcType="VARCHAR" />
    <result column="CreateTime" property="createtime" jdbcType="TIMESTAMP" />
  </resultMap>
  <sql id="Base_Column_List" >
    ID, CurriculumID, CurriculumName, CurriculumDescribe, CurriculumCredit, CurriculumFraction, 
    CollegeID, MajorID, CreateUserID, CreateUserName, CreateTime
  </sql>
  <select id="selectByPrimaryKey" resultMap="BaseResultMap" parameterType="java.lang.String" >
    select 
    <include refid="Base_Column_List" />
    from curriculum
    where ID = #{id,jdbcType=VARCHAR}
  </select>
  <select id="SelectCurriculumsByCollegeID" resultMap="BaseResultMap" parameterType="java.lang.String" >
    select 
    a.ID, a.CurriculumID, a.CurriculumName, a.CurriculumDescribe, a.CurriculumCredit, a.CurriculumFraction, 
    b.CollegeName as CollegeID, c.MajorName as MajorID, a.CreateUserID, a.CreateUserName, a.CreateTime
    from curriculum a inner join college b on a.CollegeID=b.ID inner join major c on a.MajorID=c.ID
    where a.CollegeID = #{collegeid,jdbcType=VARCHAR}
  </select>
  <select id="SelectCurriculumsByMajorID" resultMap="BaseResultMap" parameterType="java.lang.String" >
    select 
    a.ID, a.CurriculumID, a.CurriculumName, a.CurriculumDescribe, a.CurriculumCredit, a.CurriculumFraction, 
    b.CollegeName as CollegeID, c.MajorName as MajorID, a.CreateUserID, a.CreateUserName, a.CreateTime
    from curriculum a inner join college b on a.CollegeID=b.ID inner join major c on a.MajorID=c.ID
    where a.MajorID = #{majorid,jdbcType=VARCHAR}
  </select>
  <!-- 查询所有sql -->
  <select id="SelectCurriculums" resultMap="BaseResultMap">
    select 
    a.ID, a.CurriculumID, a.CurriculumName, a.CurriculumDescribe, a.CurriculumCredit, a.CurriculumFraction, 
    b.CollegeName as CollegeID, c.MajorName as MajorID, a.CreateUserID, a.CreateUserName, a.CreateTime
    from curriculum a inner join college b on a.CollegeID=b.ID inner join major c on a.MajorID=c.ID
  </select>
  <delete id="deleteByPrimaryKey" parameterType="java.lang.String" >
    delete from curriculum
    where ID = #{id,jdbcType=VARCHAR}
  </delete>
  <insert id="insert" parameterType="com.advance.model.Curriculum" >
    insert into curriculum (ID, CurriculumID, CurriculumName, 
      CurriculumDescribe, CurriculumCredit, CurriculumFraction, 
      CollegeID, MajorID, CreateUserID, 
      CreateUserName, CreateTime)
    values (#{id,jdbcType=VARCHAR}, #{curriculumid,jdbcType=VARCHAR}, #{curriculumname,jdbcType=VARCHAR}, 
      #{curriculumdescribe,jdbcType=VARCHAR}, #{curriculumcredit,jdbcType=DECIMAL}, #{curriculumfraction,jdbcType=DECIMAL}, 
      #{collegeid,jdbcType=VARCHAR}, #{majorid,jdbcType=VARCHAR}, #{createuserid,jdbcType=VARCHAR}, 
      #{createusername,jdbcType=VARCHAR}, #{createtime,jdbcType=TIMESTAMP})
  </insert>
  <insert id="insertSelective" parameterType="com.advance.model.Curriculum" >
    insert into curriculum
    <trim prefix="(" suffix=")" suffixOverrides="," >
      <if test="id != null" >
        ID,
      </if>
      <if test="curriculumid != null" >
        CurriculumID,
      </if>
      <if test="curriculumname != null" >
        CurriculumName,
      </if>
      <if test="curriculumdescribe != null" >
        CurriculumDescribe,
      </if>
      <if test="curriculumcredit != null" >
        CurriculumCredit,
      </if>
      <if test="curriculumfraction != null" >
        CurriculumFraction,
      </if>
      <if test="collegeid != null" >
        CollegeID,
      </if>
      <if test="majorid != null" >
        MajorID,
      </if>
      <if test="createuserid != null" >
        CreateUserID,
      </if>
      <if test="createusername != null" >
        CreateUserName,
      </if>
      <if test="createtime != null" >
        CreateTime,
      </if>
    </trim>
    <trim prefix="values (" suffix=")" suffixOverrides="," >
      <if test="id != null" >
        #{id,jdbcType=VARCHAR},
      </if>
      <if test="curriculumid != null" >
        #{curriculumid,jdbcType=VARCHAR},
      </if>
      <if test="curriculumname != null" >
        #{curriculumname,jdbcType=VARCHAR},
      </if>
      <if test="curriculumdescribe != null" >
        #{curriculumdescribe,jdbcType=VARCHAR},
      </if>
      <if test="curriculumcredit != null" >
        #{curriculumcredit,jdbcType=DECIMAL},
      </if>
      <if test="curriculumfraction != null" >
        #{curriculumfraction,jdbcType=DECIMAL},
      </if>
      <if test="collegeid != null" >
        #{collegeid,jdbcType=VARCHAR},
      </if>
      <if test="majorid != null" >
        #{majorid,jdbcType=VARCHAR},
      </if>
      <if test="createuserid != null" >
        #{createuserid,jdbcType=VARCHAR},
      </if>
      <if test="createusername != null" >
        #{createusername,jdbcType=VARCHAR},
      </if>
      <if test="createtime != null" >
        #{createtime,jdbcType=TIMESTAMP},
      </if>
    </trim>
  </insert>
  <update id="updateByPrimaryKeySelective" parameterType="com.advance.model.Curriculum" >
    update curriculum
    <set >
      <if test="curriculumid != null" >
        CurriculumID = #{curriculumid,jdbcType=VARCHAR},
      </if>
      <if test="curriculumname != null" >
        CurriculumName = #{curriculumname,jdbcType=VARCHAR},
      </if>
      <if test="curriculumdescribe != null" >
        CurriculumDescribe = #{curriculumdescribe,jdbcType=VARCHAR},
      </if>
      <if test="curriculumcredit != null" >
        CurriculumCredit = #{curriculumcredit,jdbcType=DECIMAL},
      </if>
      <if test="curriculumfraction != null" >
        CurriculumFraction = #{curriculumfraction,jdbcType=DECIMAL},
      </if>
      <if test="collegeid != null" >
        CollegeID = #{collegeid,jdbcType=VARCHAR},
      </if>
      <if test="majorid != null" >
        MajorID = #{majorid,jdbcType=VARCHAR},
      </if>
      <if test="createuserid != null" >
        CreateUserID = #{createuserid,jdbcType=VARCHAR},
      </if>
      <if test="createusername != null" >
        CreateUserName = #{createusername,jdbcType=VARCHAR},
      </if>
      <if test="createtime != null" >
        CreateTime = #{createtime,jdbcType=TIMESTAMP},
      </if>
    </set>
    where ID = #{id,jdbcType=VARCHAR}
  </update>
  <update id="updateByPrimaryKey" parameterType="com.advance.model.Curriculum" >
    update curriculum
    set CurriculumID = #{curriculumid,jdbcType=VARCHAR},
      CurriculumName = #{curriculumname,jdbcType=VARCHAR},
      CurriculumDescribe = #{curriculumdescribe,jdbcType=VARCHAR},
      CurriculumCredit = #{curriculumcredit,jdbcType=DECIMAL},
      CurriculumFraction = #{curriculumfraction,jdbcType=DECIMAL},
      CollegeID = #{collegeid,jdbcType=VARCHAR},
      MajorID = #{majorid,jdbcType=VARCHAR},
      CreateUserID = #{createuserid,jdbcType=VARCHAR},
      CreateUserName = #{createusername,jdbcType=VARCHAR},
      CreateTime = #{createtime,jdbcType=TIMESTAMP}
    where ID = #{id,jdbcType=VARCHAR}
  </update>
</mapper>