<?xml version="1.0" encoding="UTF-8" ?>
<!DOCTYPE mapper PUBLIC "-//mybatis.org//DTD Mapper 3.0//EN" "http://mybatis.org/dtd/mybatis-3-mapper.dtd" >
<mapper namespace="com.advance.mapper.LecturerecordMapper" >
  <resultMap id="BaseResultMap" type="com.advance.model.Lecturerecord" >
    <id column="ID" property="id" jdbcType="VARCHAR" />
    <result column="TeacherID" property="teacherid" jdbcType="VARCHAR" />
    <result column="CurriculumID" property="curriculumid" jdbcType="VARCHAR" />
    <result column="BeginTime" property="begintime" jdbcType="TIMESTAMP" />
    <result column="EndTime" property="endtime" jdbcType="TIMESTAMP" />
    <result column="CreateUserID" property="createuserid" jdbcType="VARCHAR" />
    <result column="CreateUserName" property="createusername" jdbcType="VARCHAR" />
    <result column="CreateTime" property="createtime" jdbcType="TIMESTAMP" />
  </resultMap>
  <sql id="Base_Column_List" >
    ID, TeacherID, CurriculumID, BeginTime, EndTime, CreateUserID, CreateUserName, CreateTime
  </sql>
  <select id="selectByPrimaryKey" resultMap="BaseResultMap" parameterType="java.lang.String" >
    select 
    <include refid="Base_Column_List" />
    from lecturerecord
    where ID = #{id,jdbcType=VARCHAR}
  </select>
  <!-- 查询所有sql -->
  <select id="SelectLecturerecords" resultMap="BaseResultMap">
    select 
    <include refid="Base_Column_List" />
    from lecturerecord
  </select>
  <delete id="deleteByPrimaryKey" parameterType="java.lang.String" >
    delete from lecturerecord
    where ID = #{id,jdbcType=VARCHAR}
  </delete>
  <insert id="insert" parameterType="com.advance.model.Lecturerecord" >
    insert into lecturerecord (ID, TeacherID, CurriculumID, 
      BeginTime, EndTime, CreateUserID, 
      CreateUserName, CreateTime)
    values (#{id,jdbcType=VARCHAR}, #{teacherid,jdbcType=VARCHAR}, #{curriculumid,jdbcType=VARCHAR}, 
      #{begintime,jdbcType=TIMESTAMP}, #{endtime,jdbcType=TIMESTAMP}, #{createuserid,jdbcType=VARCHAR}, 
      #{createusername,jdbcType=VARCHAR}, #{createtime,jdbcType=TIMESTAMP})
  </insert>
  <insert id="insertSelective" parameterType="com.advance.model.Lecturerecord" >
    insert into lecturerecord
    <trim prefix="(" suffix=")" suffixOverrides="," >
      <if test="id != null" >
        ID,
      </if>
      <if test="teacherid != null" >
        TeacherID,
      </if>
      <if test="curriculumid != null" >
        CurriculumID,
      </if>
      <if test="begintime != null" >
        BeginTime,
      </if>
      <if test="endtime != null" >
        EndTime,
      </if>
      <if test="createuserid != null" >
        CreateUserID,
      </if>
      <if test="createusername != null" >
        CreateUserName,
      </if>
      <if test="createtime != null" >
        CreateTime,
      </if>
    </trim>
    <trim prefix="values (" suffix=")" suffixOverrides="," >
      <if test="id != null" >
        #{id,jdbcType=VARCHAR},
      </if>
      <if test="teacherid != null" >
        #{teacherid,jdbcType=VARCHAR},
      </if>
      <if test="curriculumid != null" >
        #{curriculumid,jdbcType=VARCHAR},
      </if>
      <if test="begintime != null" >
        #{begintime,jdbcType=TIMESTAMP},
      </if>
      <if test="endtime != null" >
        #{endtime,jdbcType=TIMESTAMP},
      </if>
      <if test="createuserid != null" >
        #{createuserid,jdbcType=VARCHAR},
      </if>
      <if test="createusername != null" >
        #{createusername,jdbcType=VARCHAR},
      </if>
      <if test="createtime != null" >
        #{createtime,jdbcType=TIMESTAMP},
      </if>
    </trim>
  </insert>
  <update id="updateByPrimaryKeySelective" parameterType="com.advance.model.Lecturerecord" >
    update lecturerecord
    <set >
      <if test="teacherid != null" >
        TeacherID = #{teacherid,jdbcType=VARCHAR},
      </if>
      <if test="curriculumid != null" >
        CurriculumID = #{curriculumid,jdbcType=VARCHAR},
      </if>
      <if test="begintime != null" >
        BeginTime = #{begintime,jdbcType=TIMESTAMP},
      </if>
      <if test="endtime != null" >
        EndTime = #{endtime,jdbcType=TIMESTAMP},
      </if>
      <if test="createuserid != null" >
        CreateUserID = #{createuserid,jdbcType=VARCHAR},
      </if>
      <if test="createusername != null" >
        CreateUserName = #{createusername,jdbcType=VARCHAR},
      </if>
      <if test="createtime != null" >
        CreateTime = #{createtime,jdbcType=TIMESTAMP},
      </if>
    </set>
    where ID = #{id,jdbcType=VARCHAR}
  </update>
  <update id="updateByPrimaryKey" parameterType="com.advance.model.Lecturerecord" >
    update lecturerecord
    set TeacherID = #{teacherid,jdbcType=VARCHAR},
      CurriculumID = #{curriculumid,jdbcType=VARCHAR},
      BeginTime = #{begintime,jdbcType=TIMESTAMP},
      EndTime = #{endtime,jdbcType=TIMESTAMP},
      CreateUserID = #{createuserid,jdbcType=VARCHAR},
      CreateUserName = #{createusername,jdbcType=VARCHAR},
      CreateTime = #{createtime,jdbcType=TIMESTAMP}
    where ID = #{id,jdbcType=VARCHAR}
  </update>
</mapper>