<?xml version="1.0" encoding="UTF-8" ?>
<!DOCTYPE mapper PUBLIC "-//mybatis.org//DTD Mapper 3.0//EN" "http://mybatis.org/dtd/mybatis-3-mapper.dtd" >
<mapper namespace="com.advance.mapper.MajorMapper" >
  <resultMap id="BaseResultMap" type="com.advance.model.Major" >
    <id column="ID" property="id" jdbcType="VARCHAR" />
    <result column="MajorID" property="majorid" jdbcType="VARCHAR" />
    <result column="MajorName" property="majorname" jdbcType="VARCHAR" />
    <result column="MajorNumber" property="majornumber" jdbcType="INTEGER" />
    <result column="CollegeID" property="collegeid" jdbcType="VARCHAR" />
    <result column="CreateUserID" property="createuserid" jdbcType="VARCHAR" />
    <result column="CreateUserName" property="createusername" jdbcType="VARCHAR" />
    <result column="CreateTime" property="createtime" jdbcType="TIMESTAMP" />
  </resultMap>
  <sql id="Base_Column_List" >
    ID, MajorID, MajorName, MajorNumber, CollegeID, CreateUserID, CreateUserName, CreateTime
  </sql>
  <select id="selectByPrimaryKey" resultMap="BaseResultMap" parameterType="java.lang.String" >
    select 
    <include refid="Base_Column_List" />
    from major
    where ID = #{id,jdbcType=VARCHAR}
  </select>
  
  <select id="SelectByMajorName" resultMap="BaseResultMap" parameterType="java.lang.String" >
    select 
    <include refid="Base_Column_List" />
    from major
    where MajorName = #{majorname,jdbcType=VARCHAR}
  </select>
  
  <select id="SelectMajorsByCollegeID" resultMap="BaseResultMap" parameterType="java.lang.String" >
    select 
    a.ID, a.MajorID, a.MajorName,a.MajorNumber, b.CollegeName as CollegeID, a.CreateUserID, a.CreateUserName, a.CreateTime
    from major a inner join college b on a.CollegeID=b.ID
    where a.CollegeID = #{collegeid,jdbcType=VARCHAR}
    
  </select>
  <!-- 查询所有sql -->
  <select id="SelectMajors" resultMap="BaseResultMap">
    select 
    a.ID, a.MajorID, a.MajorName,a.MajorNumber, b.CollegeName as CollegeID, a.CreateUserID, a.CreateUserName, a.CreateTime
    from major a inner join college b on a.CollegeID=b.ID
  </select>
  
  <delete id="deleteByPrimaryKey" parameterType="java.lang.String" >
    delete from major
    where ID = #{id,jdbcType=VARCHAR}
  </delete>
  <insert id="insert" parameterType="com.advance.model.Major" >
    insert into major (ID, MajorID, MajorName, 
      MajorNumber, CollegeID, CreateUserID, 
      CreateUserName, CreateTime)
    values (#{id,jdbcType=VARCHAR}, #{majorid,jdbcType=VARCHAR}, #{majorname,jdbcType=VARCHAR}, 
      #{majornumber,jdbcType=INTEGER}, #{collegeid,jdbcType=VARCHAR}, #{createuserid,jdbcType=VARCHAR}, 
      #{createusername,jdbcType=VARCHAR}, #{createtime,jdbcType=TIMESTAMP})
  </insert>
  <insert id="insertSelective" parameterType="com.advance.model.Major" >
    insert into major
    <trim prefix="(" suffix=")" suffixOverrides="," >
      <if test="id != null" >
        ID,
      </if>
      <if test="majorid != null" >
        MajorID,
      </if>
      <if test="majorname != null" >
        MajorName,
      </if>
      <if test="majornumber != null" >
        MajorNumber,
      </if>
      <if test="collegeid != null" >
        CollegeID,
      </if>
      <if test="createuserid != null" >
        CreateUserID,
      </if>
      <if test="createusername != null" >
        CreateUserName,
      </if>
      <if test="createtime != null" >
        CreateTime,
      </if>
    </trim>
    <trim prefix="values (" suffix=")" suffixOverrides="," >
      <if test="id != null" >
        #{id,jdbcType=VARCHAR},
      </if>
      <if test="majorid != null" >
        #{majorid,jdbcType=VARCHAR},
      </if>
      <if test="majorname != null" >
        #{majorname,jdbcType=VARCHAR},
      </if>
      <if test="majornumber != null" >
        #{majornumber,jdbcType=INTEGER},
      </if>
      <if test="collegeid != null" >
        #{collegeid,jdbcType=VARCHAR},
      </if>
      <if test="createuserid != null" >
        #{createuserid,jdbcType=VARCHAR},
      </if>
      <if test="createusername != null" >
        #{createusername,jdbcType=VARCHAR},
      </if>
      <if test="createtime != null" >
        #{createtime,jdbcType=TIMESTAMP},
      </if>
    </trim>
  </insert>
  <update id="updateByPrimaryKeySelective" parameterType="com.advance.model.Major" >
    update major
    <set >
      <if test="majorid != null" >
        MajorID = #{majorid,jdbcType=VARCHAR},
      </if>
      <if test="majorname != null" >
        MajorName = #{majorname,jdbcType=VARCHAR},
      </if>
      <if test="majornumber != null" >
        MajorNumber = #{majornumber,jdbcType=INTEGER},
      </if>
      <if test="collegeid != null" >
        CollegeID = #{collegeid,jdbcType=VARCHAR},
      </if>
      <if test="createuserid != null" >
        CreateUserID = #{createuserid,jdbcType=VARCHAR},
      </if>
      <if test="createusername != null" >
        CreateUserName = #{createusername,jdbcType=VARCHAR},
      </if>
      <if test="createtime != null" >
        CreateTime = #{createtime,jdbcType=TIMESTAMP},
      </if>
    </set>
    where ID = #{id,jdbcType=VARCHAR}
  </update>
  <update id="updateByPrimaryKey" parameterType="com.advance.model.Major" >
    update major
    set MajorID = #{majorid,jdbcType=VARCHAR},
      MajorName = #{majorname,jdbcType=VARCHAR},
      MajorNumber = #{majornumber,jdbcType=INTEGER},
      CollegeID = #{collegeid,jdbcType=VARCHAR},
      CreateUserID = #{createuserid,jdbcType=VARCHAR},
      CreateUserName = #{createusername,jdbcType=VARCHAR},
      CreateTime = #{createtime,jdbcType=TIMESTAMP}
    where ID = #{id,jdbcType=VARCHAR}
  </update>
</mapper>