<?xml version="1.0" encoding="UTF-8" ?>
<!DOCTYPE mapper PUBLIC "-//mybatis.org//DTD Mapper 3.0//EN" "http://mybatis.org/dtd/mybatis-3-mapper.dtd" >
<mapper namespace="com.advance.mapper.MenuMapper" >
  <resultMap id="BaseResultMap" type="com.advance.model.Menu" >
    <id column="ID" property="id" jdbcType="INTEGER" />
    <result column="Name" property="name" jdbcType="VARCHAR" />
    <result column="Url" property="url" jdbcType="VARCHAR" />
    <result column="Sort" property="sort" jdbcType="INTEGER" />
    <result column="Type" property="type" jdbcType="VARCHAR" />
  </resultMap>
  <sql id="Base_Column_List" >
    ID, Name, Url, Sort, Type
  </sql>
  <select id="selectByPrimaryKey" resultMap="BaseResultMap" parameterType="java.lang.Integer" >
    select 
    <include refid="Base_Column_List" />
    from menu
    where ID = #{id,jdbcType=INTEGER}
  </select>
  
  <select id="selectByType" resultMap="BaseResultMap" parameterType="java.lang.String" >
    select 
    <include refid="Base_Column_List" />
    from menu
    where Type = #{type,jdbcType=VARCHAR} order by Sort
  </select>
  
  <delete id="deleteByPrimaryKey" parameterType="java.lang.Integer" >
    delete from menu
    where ID = #{id,jdbcType=INTEGER}
  </delete>
  <insert id="insert" parameterType="com.advance.model.Menu" >
    insert into menu (ID, Name, Url, 
      Sort, Type)
    values (#{id,jdbcType=INTEGER}, #{name,jdbcType=VARCHAR}, #{url,jdbcType=VARCHAR}, 
      #{sort,jdbcType=INTEGER}, #{type,jdbcType=VARCHAR})
  </insert>
  <insert id="insertSelective" parameterType="com.advance.model.Menu" >
    insert into menu
    <trim prefix="(" suffix=")" suffixOverrides="," >
      <if test="id != null" >
        ID,
      </if>
      <if test="name != null" >
        Name,
      </if>
      <if test="url != null" >
        Url,
      </if>
      <if test="sort != null" >
        Sort,
      </if>
      <if test="type != null" >
        Type,
      </if>
    </trim>
    <trim prefix="values (" suffix=")" suffixOverrides="," >
      <if test="id != null" >
        #{id,jdbcType=INTEGER},
      </if>
      <if test="name != null" >
        #{name,jdbcType=VARCHAR},
      </if>
      <if test="url != null" >
        #{url,jdbcType=VARCHAR},
      </if>
      <if test="sort != null" >
        #{sort,jdbcType=INTEGER},
      </if>
      <if test="type != null" >
        #{type,jdbcType=VARCHAR},
      </if>
    </trim>
  </insert>
  <update id="updateByPrimaryKeySelective" parameterType="com.advance.model.Menu" >
    update menu
    <set >
      <if test="name != null" >
        Name = #{name,jdbcType=VARCHAR},
      </if>
      <if test="url != null" >
        Url = #{url,jdbcType=VARCHAR},
      </if>
      <if test="sort != null" >
        Sort = #{sort,jdbcType=INTEGER},
      </if>
      <if test="type != null" >
        Type = #{type,jdbcType=VARCHAR},
      </if>
    </set>
    where ID = #{id,jdbcType=INTEGER}
  </update>
  <update id="updateByPrimaryKey" parameterType="com.advance.model.Menu" >
    update menu
    set Name = #{name,jdbcType=VARCHAR},
      Url = #{url,jdbcType=VARCHAR},
      Sort = #{sort,jdbcType=INTEGER},
      Type = #{type,jdbcType=VARCHAR}
    where ID = #{id,jdbcType=INTEGER}
  </update>
</mapper>