<?xml version="1.0" encoding="UTF-8" ?>
<!DOCTYPE mapper PUBLIC "-//mybatis.org//DTD Mapper 3.0//EN" "http://mybatis.org/dtd/mybatis-3-mapper.dtd" >
<mapper namespace="com.advance.mapper.MessageMapper" >
  <resultMap id="BaseResultMap" type="com.advance.model.Message" >
    <id column="ID" property="id" jdbcType="VARCHAR" />
    <result column="SourceID" property="sourceid" jdbcType="VARCHAR" />
    <result column="CreateUserID" property="createuserid" jdbcType="VARCHAR" />
    <result column="CreateUserName" property="createusername" jdbcType="VARCHAR" />
    <result column="CreateTime" property="createtime" jdbcType="TIMESTAMP" />
  </resultMap>
  <resultMap id="ResultMapWithBLOBs" type="com.advance.model.Message" extends="BaseResultMap" >
    <result column="Content" property="content" jdbcType="LONGVARCHAR" />
  </resultMap>
  <sql id="Base_Column_List" >
    ID, SourceID, CreateUserID, CreateUserName, CreateTime
  </sql>
  <sql id="Blob_Column_List" >
    Content
  </sql>
  <select id="selectByPrimaryKey" resultMap="ResultMapWithBLOBs" parameterType="java.lang.String" >
    select 
    <include refid="Base_Column_List" />
    ,
    <include refid="Blob_Column_List" />
    from message
    where ID = #{id,jdbcType=VARCHAR}
  </select>
  <!-- 查询所有sql -->
  <select id="SelectMessages" resultMap="ResultMapWithBLOBs">
    select 
    <include refid="Base_Column_List" />,
     <include refid="Blob_Column_List" />
    from message where SourceID=''  order by CreateTime DESC
  </select>
  
  <!-- 查询所有sql -->
  <select id="SelectMessagesBySourceID" resultMap="ResultMapWithBLOBs" parameterType="java.lang.String">
    select 
    <include refid="Base_Column_List" />,
     <include refid="Blob_Column_List" />
    from message
    where SourceID = #{sourceid,jdbcType=VARCHAR} order by CreateTime DESC
  </select>
  
  <delete id="deleteByPrimaryKey" parameterType="java.lang.String" >
    delete from message
    where ID = #{id,jdbcType=VARCHAR}
  </delete>
  
  <delete id="DeleteBySourceID" parameterType="java.lang.String" >
    delete from message
    where SourceID = #{sourceid,jdbcType=VARCHAR}
  </delete>
  
  <insert id="insert" parameterType="com.advance.model.Message" >
    insert into message (ID, SourceID, CreateUserID, 
      CreateUserName, CreateTime, Content
      )
    values (#{id,jdbcType=VARCHAR}, #{sourceid,jdbcType=VARCHAR}, #{createuserid,jdbcType=VARCHAR}, 
      #{createusername,jdbcType=VARCHAR}, #{createtime,jdbcType=TIMESTAMP}, #{content,jdbcType=LONGVARCHAR}
      )
  </insert>
  <insert id="insertSelective" parameterType="com.advance.model.Message" >
    insert into message
    <trim prefix="(" suffix=")" suffixOverrides="," >
      <if test="id != null" >
        ID,
      </if>
      <if test="sourceid != null" >
        SourceID,
      </if>
      <if test="createuserid != null" >
        CreateUserID,
      </if>
      <if test="createusername != null" >
        CreateUserName,
      </if>
      <if test="createtime != null" >
        CreateTime,
      </if>
      <if test="content != null" >
        Content,
      </if>
    </trim>
    <trim prefix="values (" suffix=")" suffixOverrides="," >
      <if test="id != null" >
        #{id,jdbcType=VARCHAR},
      </if>
      <if test="sourceid != null" >
        #{sourceid,jdbcType=VARCHAR},
      </if>
      <if test="createuserid != null" >
        #{createuserid,jdbcType=VARCHAR},
      </if>
      <if test="createusername != null" >
        #{createusername,jdbcType=VARCHAR},
      </if>
      <if test="createtime != null" >
        #{createtime,jdbcType=TIMESTAMP},
      </if>
      <if test="content != null" >
        #{content,jdbcType=LONGVARCHAR},
      </if>
    </trim>
  </insert>
  <update id="updateByPrimaryKeySelective" parameterType="com.advance.model.Message" >
    update message
    <set >
      <if test="sourceid != null" >
        SourceID = #{sourceid,jdbcType=VARCHAR},
      </if>
      <if test="createuserid != null" >
        CreateUserID = #{createuserid,jdbcType=VARCHAR},
      </if>
      <if test="createusername != null" >
        CreateUserName = #{createusername,jdbcType=VARCHAR},
      </if>
      <if test="createtime != null" >
        CreateTime = #{createtime,jdbcType=TIMESTAMP},
      </if>
      <if test="content != null" >
        Content = #{content,jdbcType=LONGVARCHAR},
      </if>
    </set>
    where ID = #{id,jdbcType=VARCHAR}
  </update>
  <update id="updateByPrimaryKeyWithBLOBs" parameterType="com.advance.model.Message" >
    update message
    set SourceID = #{sourceid,jdbcType=VARCHAR},
      CreateUserID = #{createuserid,jdbcType=VARCHAR},
      CreateUserName = #{createusername,jdbcType=VARCHAR},
      CreateTime = #{createtime,jdbcType=TIMESTAMP},
      Content = #{content,jdbcType=LONGVARCHAR}
    where ID = #{id,jdbcType=VARCHAR}
  </update>
  <update id="updateByPrimaryKey" parameterType="com.advance.model.Message" >
    update message
    set SourceID = #{sourceid,jdbcType=VARCHAR},
      CreateUserID = #{createuserid,jdbcType=VARCHAR},
      CreateUserName = #{createusername,jdbcType=VARCHAR},
      CreateTime = #{createtime,jdbcType=TIMESTAMP}
    where ID = #{id,jdbcType=VARCHAR}
  </update>
</mapper>