<?xml version="1.0" encoding="UTF-8" ?>
<!DOCTYPE mapper PUBLIC "-//mybatis.org//DTD Mapper 3.0//EN" "http://mybatis.org/dtd/mybatis-3-mapper.dtd" >
<mapper namespace="com.advance.mapper.TeacherMapper" >
  <resultMap id="BaseResultMap" type="com.advance.model.Teacher" >
    <id column="ID" property="id" jdbcType="VARCHAR" />
    <result column="TeacherID" property="teacherid" jdbcType="VARCHAR" />
    <result column="TeacherName" property="teachername" jdbcType="VARCHAR" />
    <result column="Sex" property="sex" jdbcType="VARCHAR" />
    <result column="Telphone" property="telphone" jdbcType="VARCHAR" />
    <result column="Email" property="email" jdbcType="VARCHAR" />
    <result column="CollegeID" property="collegeid" jdbcType="VARCHAR" />
    <result column="CreateUserID" property="createuserid" jdbcType="VARCHAR" />
    <result column="CreateUserName" property="createusername" jdbcType="VARCHAR" />
    <result column="CreateTime" property="createtime" jdbcType="TIMESTAMP" />
  </resultMap>
  <sql id="Base_Column_List" >
    ID, TeacherID, TeacherName, Sex, Telphone, Email, CollegeID, CreateUserID, CreateUserName, 
    CreateTime
  </sql>
  <select id="selectByPrimaryKey" resultMap="BaseResultMap" parameterType="java.lang.String" >
    select 
    <include refid="Base_Column_List" />
    from teacher
    where ID = #{id,jdbcType=VARCHAR}
  </select>
  <select id="SelectTeachersByCollegeID" resultMap="BaseResultMap" parameterType="java.lang.String" >
    select 
    a.ID, a.TeacherID, a.TeacherName, a.Sex, a.Telphone, a.Email, b.CollegeName as CollegeID, a.CreateUserID, a.CreateUserName, 
    a.CreateTime
    from teacher
    where a.CollegeID = #{collegeid,jdbcType=VARCHAR}
  </select>
  <!-- 查询所有sql -->
  <select id="SelectTeachers" resultMap="BaseResultMap">
    select 
    a.ID, a.TeacherID, a.TeacherName, a.Sex, a.Telphone, a.Email, b.CollegeName as CollegeID, a.CreateUserID, a.CreateUserName, 
    a.CreateTime
    from teacher a inner join college b on a.CollegeID=b.ID
  </select>
  <delete id="deleteByPrimaryKey" parameterType="java.lang.String" >
    delete from teacher
    where ID = #{id,jdbcType=VARCHAR}
  </delete>
  <insert id="insert" parameterType="com.advance.model.Teacher" >
    insert into teacher (ID, TeacherID, TeacherName, 
      Sex, Telphone, Email, 
      CollegeID, CreateUserID, CreateUserName, 
      CreateTime)
    values (#{id,jdbcType=VARCHAR}, #{teacherid,jdbcType=VARCHAR}, #{teachername,jdbcType=VARCHAR}, 
      #{sex,jdbcType=VARCHAR}, #{telphone,jdbcType=VARCHAR}, #{email,jdbcType=VARCHAR}, 
      #{collegeid,jdbcType=VARCHAR}, #{createuserid,jdbcType=VARCHAR}, #{createusername,jdbcType=VARCHAR}, 
      #{createtime,jdbcType=TIMESTAMP})
  </insert>
  <insert id="insertSelective" parameterType="com.advance.model.Teacher" >
    insert into teacher
    <trim prefix="(" suffix=")" suffixOverrides="," >
      <if test="id != null" >
        ID,
      </if>
      <if test="teacherid != null" >
        TeacherID,
      </if>
      <if test="teachername != null" >
        TeacherName,
      </if>
      <if test="sex != null" >
        Sex,
      </if>
      <if test="telphone != null" >
        Telphone,
      </if>
      <if test="email != null" >
        Email,
      </if>
      <if test="collegeid != null" >
        CollegeID,
      </if>
      <if test="createuserid != null" >
        CreateUserID,
      </if>
      <if test="createusername != null" >
        CreateUserName,
      </if>
      <if test="createtime != null" >
        CreateTime,
      </if>
    </trim>
    <trim prefix="values (" suffix=")" suffixOverrides="," >
      <if test="id != null" >
        #{id,jdbcType=VARCHAR},
      </if>
      <if test="teacherid != null" >
        #{teacherid,jdbcType=VARCHAR},
      </if>
      <if test="teachername != null" >
        #{teachername,jdbcType=VARCHAR},
      </if>
      <if test="sex != null" >
        #{sex,jdbcType=VARCHAR},
      </if>
      <if test="telphone != null" >
        #{telphone,jdbcType=VARCHAR},
      </if>
      <if test="email != null" >
        #{email,jdbcType=VARCHAR},
      </if>
      <if test="collegeid != null" >
        #{collegeid,jdbcType=VARCHAR},
      </if>
      <if test="createuserid != null" >
        #{createuserid,jdbcType=VARCHAR},
      </if>
      <if test="createusername != null" >
        #{createusername,jdbcType=VARCHAR},
      </if>
      <if test="createtime != null" >
        #{createtime,jdbcType=TIMESTAMP},
      </if>
    </trim>
  </insert>
  <update id="updateByPrimaryKeySelective" parameterType="com.advance.model.Teacher" >
    update teacher
    <set >
      <if test="teacherid != null" >
        TeacherID = #{teacherid,jdbcType=VARCHAR},
      </if>
      <if test="teachername != null" >
        TeacherName = #{teachername,jdbcType=VARCHAR},
      </if>
      <if test="sex != null" >
        Sex = #{sex,jdbcType=VARCHAR},
      </if>
      <if test="telphone != null" >
        Telphone = #{telphone,jdbcType=VARCHAR},
      </if>
      <if test="email != null" >
        Email = #{email,jdbcType=VARCHAR},
      </if>
      <if test="collegeid != null" >
        CollegeID = #{collegeid,jdbcType=VARCHAR},
      </if>
      <if test="createuserid != null" >
        CreateUserID = #{createuserid,jdbcType=VARCHAR},
      </if>
      <if test="createusername != null" >
        CreateUserName = #{createusername,jdbcType=VARCHAR},
      </if>
      <if test="createtime != null" >
        CreateTime = #{createtime,jdbcType=TIMESTAMP},
      </if>
    </set>
    where ID = #{id,jdbcType=VARCHAR}
  </update>
  <update id="updateByPrimaryKey" parameterType="com.advance.model.Teacher" >
    update teacher
    set TeacherID = #{teacherid,jdbcType=VARCHAR},
      TeacherName = #{teachername,jdbcType=VARCHAR},
      Sex = #{sex,jdbcType=VARCHAR},
      Telphone = #{telphone,jdbcType=VARCHAR},
      Email = #{email,jdbcType=VARCHAR},
      CollegeID = #{collegeid,jdbcType=VARCHAR},
      CreateUserID = #{createuserid,jdbcType=VARCHAR},
      CreateUserName = #{createusername,jdbcType=VARCHAR},
      CreateTime = #{createtime,jdbcType=TIMESTAMP}
    where ID = #{id,jdbcType=VARCHAR}
  </update>
</mapper>