<?xml version="1.0" encoding="UTF-8" ?>
<!DOCTYPE mapper PUBLIC "-//mybatis.org//DTD Mapper 3.0//EN" "http://mybatis.org/dtd/mybatis-3-mapper.dtd" >
<mapper namespace="com.advance.mapper.UserMapper" >
  <resultMap id="BaseResultMap" type="com.advance.model.User" >
    <id column="ID" property="id" jdbcType="VARCHAR" />
    <result column="UserID" property="userid" jdbcType="VARCHAR" />
    <result column="UserName" property="username" jdbcType="VARCHAR" />
    <result column="UserPassWord" property="userpassword" jdbcType="VARCHAR" />
    <result column="UserState" property="userstate" jdbcType="BIT" />
    <result column="UserType" property="usertype" jdbcType="VARCHAR" />
    <result column="CreateUserID" property="createuserid" jdbcType="VARCHAR" />
    <result column="CreateUserName" property="createusername" jdbcType="VARCHAR" />
    <result column="CreateTime" property="createtime" jdbcType="TIMESTAMP" />
  </resultMap>
  <sql id="Base_Column_List" >
    ID, UserID, UserName, UserPassWord, UserState, UserType, CreateUserID, CreateUserName, 
    CreateTime
  </sql>
  <select id="selectByPrimaryKey" resultMap="BaseResultMap" parameterType="java.lang.String" >
    select 
    <include refid="Base_Column_List" />
    from user
    where ID = #{id,jdbcType=VARCHAR}
  </select>
  <!-- 登录sql -->
  <select id="selectByUserLogin" resultMap="BaseResultMap"  parameterType="java.lang.String" >
    select 
    ID,UserID,UserName,UserType,UserState
    from user
    where UserPassWord = #{userpassword,jdbcType=VARCHAR} and (UserID = #{username,jdbcType=VARCHAR} or UserName = #{username,jdbcType=VARCHAR}) and UserState = 1
  </select>
  <!-- 查询所有sql -->
  <select id="SelectUsers" resultMap="BaseResultMap">
    select 
    <include refid="Base_Column_List" />
    from user
  </select>
  <delete id="deleteByPrimaryKey" parameterType="java.lang.String" >
    delete from user
    where ID = #{id,jdbcType=VARCHAR}
  </delete>
  
  <insert id="insert" parameterType="com.advance.model.User" >
	
    insert into user (ID, UserID, UserName, 
      UserPassWord, UserState, UserType, 
      CreateUserID, CreateUserName, CreateTime
      )
    values (#{id,jdbcType=VARCHAR}, #{userid,jdbcType=VARCHAR}, #{username,jdbcType=VARCHAR}, 
      #{userpassword,jdbcType=VARCHAR}, #{userstate,jdbcType=BIT}, #{usertype,jdbcType=VARCHAR}, 
      #{createuserid,jdbcType=VARCHAR}, #{createusername,jdbcType=VARCHAR}, #{createtime,jdbcType=TIMESTAMP}
      )
  </insert>
  
  <insert id="insertSelective" parameterType="com.advance.model.User" >
    insert into user
    <trim prefix="(" suffix=")" suffixOverrides="," >
      <if test="id != null" >
        ID,
      </if>
      <if test="userid != null" >
        UserID,
      </if>
      <if test="username != null" >
        UserName,
      </if>
      <if test="userpassword != null" >
        UserPassWord,
      </if>
      <if test="userstate != null" >
        UserState,
      </if>
      <if test="usertype != null" >
        UserType,
      </if>
      <if test="createuserid != null" >
        CreateUserID,
      </if>
      <if test="createusername != null" >
        CreateUserName,
      </if>
      <if test="createtime != null" >
        CreateTime,
      </if>
    </trim>
    <trim prefix="values (" suffix=")" suffixOverrides="," >
      <if test="id != null" >
        #{id,jdbcType=VARCHAR},
      </if>
      <if test="userid != null" >
        #{userid,jdbcType=VARCHAR},
      </if>
      <if test="username != null" >
        #{username,jdbcType=VARCHAR},
      </if>
      <if test="userpassword != null" >
        #{userpassword,jdbcType=VARCHAR},
      </if>
      <if test="userstate != null" >
        #{userstate,jdbcType=BIT},
      </if>
      <if test="usertype != null" >
        #{usertype,jdbcType=VARCHAR},
      </if>
      <if test="createuserid != null" >
        #{createuserid,jdbcType=VARCHAR},
      </if>
      <if test="createusername != null" >
        #{createusername,jdbcType=VARCHAR},
      </if>
      <if test="createtime != null" >
        #{createtime,jdbcType=TIMESTAMP},
      </if>
    </trim>
  </insert>
  <update id="updateByPrimaryKeySelective" parameterType="com.advance.model.User" >
    update user
    <set >
      <if test="userid != null" >
        UserID = #{userid,jdbcType=VARCHAR},
      </if>
      <if test="username != null" >
        UserName = #{username,jdbcType=VARCHAR},
      </if>
      <if test="userpassword != null" >
        UserPassWord = #{userpassword,jdbcType=VARCHAR},
      </if>
      <if test="userstate != null" >
        UserState = #{userstate,jdbcType=BIT},
      </if>
      <if test="usertype != null" >
        UserType = #{usertype,jdbcType=VARCHAR},
      </if>
      <if test="createuserid != null" >
        CreateUserID = #{createuserid,jdbcType=VARCHAR},
      </if>
      <if test="createusername != null" >
        CreateUserName = #{createusername,jdbcType=VARCHAR},
      </if>
      <if test="createtime != null" >
        CreateTime = #{createtime,jdbcType=TIMESTAMP},
      </if>
    </set>
    where ID = #{id,jdbcType=VARCHAR}
  </update>
  <update id="updateByPrimaryKey" parameterType="com.advance.model.User" >
    update user
    set UserID = #{userid,jdbcType=VARCHAR},
      UserName = #{username,jdbcType=VARCHAR},
      UserPassWord = #{userpassword,jdbcType=VARCHAR},
      UserState = #{userstate,jdbcType=BIT},
      UserType = #{usertype,jdbcType=VARCHAR},
      CreateUserID = #{createuserid,jdbcType=VARCHAR},
      CreateUserName = #{createusername,jdbcType=VARCHAR},
      CreateTime = #{createtime,jdbcType=TIMESTAMP}
    where ID = #{id,jdbcType=VARCHAR}
  </update>
  
  <update id="updateByUserModifyPass" parameterType="java.lang.String" flushCache ="true">
    update user
    set UserPassWord = #{newuserpassword,jdbcType=VARCHAR}
    where ID = #{id,jdbcType=VARCHAR} and UserPassWord = #{userpassword,jdbcType=VARCHAR}
  </update>
</mapper>