<beans xmlns="http://www.springframework.org/schema/beans"  
    xmlns:context="http://www.springframework.org/schema/context"  
    xmlns:mvc="http://www.springframework.org/schema/mvc"  
    xmlns:xsi="http://www.w3.org/2001/XMLSchema-instance"  
    xsi:schemaLocation="http://www.springframework.org/schema/beans http://www.springframework.org/schema/beans/spring-beans-4.0.xsd  
    http://www.springframework.org/schema/mvc http://www.springframework.org/schema/mvc/spring-mvc-4.0.xsd  
    http://www.springframework.org/schema/context http://www.springframework.org/schema/context/spring-context-4.0.xsd">  
   
    <context:component-scan base-package="com.advance.controller" />  
    
        <!--注解映射器 -->  
		<!-- <bean class="org.springframework.web.servlet.mvc.method.annotation.RequestMappingHandlerMapping"/> -->  
		<!--注解适配器 -->  
		<!-- <bean class="org.springframework.web.servlet.mvc.method.annotation.RequestMappingHandlerAdapter"/> -->
		
		<!-- 使用 mvc:annotation-driven代替上边注解映射器和注解适配器配置  
		mvc:annotation-driven默认加载很多的参数绑定方法，  
		比如json转换解析器就默认加载了，如果使用mvc:annotation-driven不用配置上边的RequestMappingHandlerMapping和RequestMappingHandlerAdapter  
		实际开发时使用mvc:annotation-driven  
		 -->  
		<mvc:annotation-driven conversion-service="conversionService"></mvc:annotation-driven>  
		
		<!-- 自定义参数绑定 -->  
		<bean id="conversionService"  class="org.springframework.format.support.FormattingConversionServiceFactoryBean">  
		    <property name="converters">  
		        <list>  
		            <!-- 进行日期的转换 -->  
		            <bean class="com.advance.Util.DateUtil"/>  
		        </list>  
		    </property>  
		</bean>  
   
    <mvc:annotation-driven />  
       
    <bean  
        class="org.springframework.web.servlet.view.InternalResourceViewResolver">  
        <property name="prefix">  
            <value>/</value>  
        </property>  
        <property name="suffix">  
            <value>.jsp</value>  
        </property>  
    </bean>  
</beans> 