<?xml version="1.0" encoding="UTF-8"?>
<beans xmlns="http://www.springframework.org/schema/beans"
    xmlns:mvc="http://www.springframework.org/schema/mvc"
	xmlns:xsi="http://www.w3.org/2001/XMLSchema-instance"
	xmlns:p="http://www.springframework.org/schema/p"
	xmlns:c="http://www.springframework.org/schema/c"
	xmlns:context="http://www.springframework.org/schema/context"
	xmlns:mybatis-spring="http://mybatis.org/schema/mybatis-spring"
	xmlns:aop="http://www.springframework.org/schema/aop"
	xmlns:tx="http://www.springframework.org/schema/tx"
	xsi:schemaLocation="http://www.springframework.org/schema/aop http://www.springframework.org/schema/aop/spring-aop-4.0.xsd
		http://www.springframework.org/schema/beans http://www.springframework.org/schema/beans/spring-beans-4.0.xsd
		http://mybatis.org/schema/mybatis-spring http://mybatis.org/schema/mybatis-spring-1.2.xsd
		http://www.springframework.org/schema/tx http://www.springframework.org/schema/tx/spring-tx-4.0.xsd
		http://www.springframework.org/schema/context http://www.springframework.org/schema/context/spring-context-4.0.xsd
		http://www.springframework.org/schema/mvc http://www.springframework.org/schema/mvc/spring-mvc.xsd"
		>
		
		<!-- 设置基础扫描包，也就是说项目加载时，spring会在基础扫描宝中去扫描有相应注解的类进行动态代理啦 -->
	<context:component-scan base-package="com.advance.serviceImp"></context:component-scan>
	
	<mvc:annotation-driven>
        <mvc:message-converters register-defaults="true">
            <!-- 避免IE执行AJAX时,返回JSON出现下载文件 -->
            <bean id="fastJsonHttpMessageConverter" class="com.alibaba.fastjson.support.spring.FastJsonHttpMessageConverter">
                <property name="supportedMediaTypes">
                    <list>
                        <value>application/json;charset=UTF-8</value>
                    </list>
                </property>
            </bean>
        </mvc:message-converters>
    </mvc:annotation-driven>
    
    <mvc:annotation-driven>  
	  <mvc:message-converters register-defaults="true">  
	    <bean class="org.springframework.http.converter.StringHttpMessageConverter">  
	      <constructor-arg value="UTF-8" />  
	    </bean>  
	  </mvc:message-converters>  
	</mvc:annotation-driven>  
	
	<!-- 引入db.properties文件 -->
	<context:property-placeholder location="classpath:db.properties" />
	<!-- 配置数据源 -->
	<bean id="dataSource"
		class="org.springframework.jdbc.datasource.DriverManagerDataSource">
		<property name="driverClassName" value="${jdbc.drivername}" />
		<property name="url" value="${jdbc.url}" />
		<property name="username" value="${jdbc.username}" />
		<property name="password" value="${jdbc.password}" />
	</bean>
	<!-- 配置SqlSessionFactory对象 -->
	<bean id="sqlSessionFactory" class="org.mybatis.spring.SqlSessionFactoryBean">
		<property name="dataSource" ref="dataSource" />
		<property name="configLocation" value="classpath:mybatis.xml" />
		<property name="typeAliasesPackage" value="com.advance.model" />
		<property name="mapperLocations" value="classpath:Mapper/*.xml" />
	</bean>
	<!-- 配置扫描Dao接口包，动态实现Dao接口，注入到spring容器中 -->
	<bean class="org.mybatis.spring.mapper.MapperScannerConfigurer">
		<property name="sqlSessionFactoryBeanName" value="sqlSessionFactory"/>
		<property name="basePackage" value="com.advance.mapper"/>
	</bean>
	<bean id="sqlSessionTemplate" class="org.mybatis.spring.SqlSessionTemplate">
		<constructor-arg ref="sqlSessionFactory" />
	</bean>
	
	<bean id="multipartResolver" class="org.springframework.web.multipart.commons.CommonsMultipartResolver">  
    <property name="maxUploadSize" value="10485760" />  
</bean>
</beans>

